merge_input_file,merge_input_role,dataset_source_family,dataset_source_file,case_id,source_paper,source_anchor,system_type,component_system,study_family,response_metric,response_value,response_unit,pipe_OD_m,pipe_WT_m,roller_spacing_m,OD_over_Sroller,R_m,T_MT,phase,peak_location,Sroller_over_R,T_over_R,response_region,t_comp_mm,wt_ratio,L_comp_D,L_comp_m,L_comp_over_Sroller,taper_ratio_n,L_taper_D,L_taper_m,L_NIB_m,L_stiff_m,L_total_m,L_stiff_over_Sroller,L_total_over_Sroller,EI_ratio,source_region,shroud_L1_D,shroud_L2_D,shroud_V_D,gdtp_inside_shroud,source_overlaps_X2,L_GDTP_over_L1_shroud,shroud_L1_m,shroud_L2_m,shroud_V_m,shroud_L1_over_Sroller,shroud_L2_over_Sroller,shroud_V_over_OD,contact_regime,supports_rules,evidence_confidence,uncertainty_note,component_type,assembly_archetype,connection_system,num_active_connectors,connector_type_sequence,P_c1_D,P_c2_D,P_gap_m,kT_ratio,kT1_ratio,kT2_ratio,header_OD_m,header_WT_m,stinger_radius_m,top_tension_MT,baseline_min_percent,baseline_max_percent,evidence_strength,notes,layout_id_source_style,d_connector_status,gap_state_encoded,region_reference,region_half_width_D,region_half_width_m,region_relation_to_connectors,case_max_strain_percent,case_max_region,case_min_strain_percent,case_min_region,increment_vs_baseline_min_percent,increment_vs_baseline_max_percent,effective_stiffness_span_basis,connector_to_connector_length_D,connector_to_connector_length_m,frame_or_base_stiffness_over_pipe,combined_frame_pipe_stiffness_over_same_pipe_length,combined_frame_pipe_stiffness_formula,split_segment_combined_stiffness_over_pipe,comparison_reference_family,comparison_reference_basis,comparison_reference_available,future_study_candidate_id,P_l1_D,P_l2_D,P_v_D,kB_ratio,kB1_ratio,kB2_ratio,mass_total_MT,mass_distribution,n_mass_points,mass_spacing_m,stinger_position,baseline_percent,increment_vs_baseline_percent,layout_id,branch_shape,branch_support_connection,structure_connection_system,branch_OD_m,branch_WT_m,P_b1_D,P_b2_D,P_bc_D,response_target,response_location
EDIKB_FULL_ML_DATASET_v0_2.csv,from_full,paper1_inline_behaviour,EDIKB_PAPER1_ML_DATASET_v0_2.csv,paper1:row_base_radius_r105,paper1,paper1:table_x,baseline,plain_pipe,plain_radius,peak_pipeline_strain,0.32,percent,0.4064,0.021,9.0,0.04515555555555555,105,120,Ph1,plain_pipe_phase_1,0.08571428571428572,1.1428571428571428,,,,,,,,,,,,,,,,,,,,,,,,,,,,,,edikb:p1_base_radius_01,medium,,,,,,,,,,,,,,,,,,,,,,,,,,,,,,,,,,,,,,,,,,,,,,,,,,,,,,,,,,,,,,,,,,,,
EDIKB_FULL_ML_DATASET_v0_2.csv,from_full,paper1_inline_behaviour,EDIKB_PAPER1_ML_DATASET_v0_2.csv,paper1:row_base_radius_r70,paper1,paper1:table_x,baseline,plain_pipe,plain_radius,peak_pipeline_strain,0.46,percent,0.4064,0.021,9.0,0.04515555555555555,70,120,Ph1,plain_pipe_phase_1,0.12857142857142856,1.7142857142857142,,,,,,,,,,,,,,,,,,,,,,,,,,,,,,edikb:p1_base_radius_01,medium,,,,,,,,,,,,,,,,,,,,,,,,,,,,,,,,,,,,,,,,,,,,,,,,,,,,,,,,,,,,,,,,,,,,
EDIKB_FULL_ML_DATASET_v0_2.csv,from_full,paper1_inline_behaviour,EDIKB_PAPER1_ML_DATASET_v0_2.csv,paper1:row_base_radius_r85,paper1,paper1:table_x,baseline,plain_pipe,plain_radius,peak_pipeline_strain,0.38,percent,0.4064,0.021,9.0,0.04515555555555555,85,120,Ph1,plain_pipe_phase_1,0.10588235294117647,1.411764705882353,,,,,,,,,,,,,,,,,,,,,,,,,,,,,,edikb:p1_base_radius_01,medium,,,,,,,,,,,,,,,,,,,,,,,,,,,,,,,,,,,,,,,,,,,,,,,,,,,,,,,,,,,,,,,,,,,,
EDIKB_FULL_ML_DATASET_v0_2.csv,from_full,paper1_inline_behaviour,EDIKB_PAPER1_ML_DATASET_v0_2.csv,paper1:row_base_tension_16in_t0,paper1,paper1:table_xi,baseline,plain_pipe,plain_tension,peak_pipeline_strain,0.33,percent,0.406,0.021,9.0,0.045111111111111116,70,0,Ph1,plain_pipe_phase_1,0.12857142857142856,0.0,,,,,,,,,,,,,,,,,,,,,,,,,,,,,,edikb:p1_base_tension_01,medium,,,,,,,,,,,,,,,,,,,,,,,,,,,,,,,,,,,,,,,,,,,,,,,,,,,,,,,,,,,,,,,,,,,,
EDIKB_FULL_ML_DATASET_v0_2.csv,from_full,paper1_inline_behaviour,EDIKB_PAPER1_ML_DATASET_v0_2.csv,paper1:row_base_tension_16in_t100,paper1,paper1:table_xi,baseline,plain_pipe,plain_tension,peak_pipeline_strain,0.42,percent,0.406,0.021,9.0,0.045111111111111116,70,100,Ph1,plain_pipe_phase_1,0.12857142857142856,1.4285714285714286,,,,,,,,,,,,,,,,,,,,,,,,,,,,,,edikb:p1_base_tension_01,medium,,,,,,,,,,,,,,,,,,,,,,,,,,,,,,,,,,,,,,,,,,,,,,,,,,,,,,,,,,,,,,,,,,,,
EDIKB_FULL_ML_DATASET_v0_2.csv,from_full,paper1_inline_behaviour,EDIKB_PAPER1_ML_DATASET_v0_2.csv,paper1:row_base_tension_20in_t0,paper1,paper1:table_xi,baseline,plain_pipe,plain_tension,peak_pipeline_strain,0.42,percent,0.508,0.021,9.0,0.05644444444444444,70,0,Ph1,plain_pipe_phase_1,0.12857142857142856,0.0,,,,,,,,,,,,,,,,,,,,,,,,,,,,,,edikb:p1_base_tension_01,medium,,,,,,,,,,,,,,,,,,,,,,,,,,,,,,,,,,,,,,,,,,,,,,,,,,,,,,,,,,,,,,,,,,,,
EDIKB_FULL_ML_DATASET_v0_2.csv,from_full,paper1_inline_behaviour,EDIKB_PAPER1_ML_DATASET_v0_2.csv,paper1:row_base_tension_20in_t100,paper1,paper1:table_xi,baseline,plain_pipe,plain_tension,peak_pipeline_strain,0.54,percent,0.508,0.021,9.0,0.05644444444444444,70,100,Ph1,plain_pipe_phase_1,0.12857142857142856,1.4285714285714286,,,,,,,,,,,,,,,,,,,,,,,,,,,,,,edikb:p1_base_tension_01,medium,,,,,,,,,,,,,,,,,,,,,,,,,,,,,,,,,,,,,,,,,,,,,,,,,,,,,,,,,,,,,,,,,,,,
EDIKB_FULL_ML_DATASET_v0_2.csv,from_full,paper1_inline_behaviour,EDIKB_PAPER1_ML_DATASET_v0_2.csv,paper1:row_base_tension_6in_t0,paper1,paper1:table_xi,baseline,plain_pipe,plain_tension,peak_pipeline_strain,0.13,percent,0.168,0.021,9.0,0.018666666666666668,70,0,Ph1,plain_pipe_phase_1,0.12857142857142856,0.0,,,,,,,,,,,,,,,,,,,,,,,,,,,,,,edikb:p1_base_tension_01,medium,,,,,,,,,,,,,,,,,,,,,,,,,,,,,,,,,,,,,,,,,,,,,,,,,,,,,,,,,,,,,,,,,,,,
EDIKB_FULL_ML_DATASET_v0_2.csv,from_full,paper1_inline_behaviour,EDIKB_PAPER1_ML_DATASET_v0_2.csv,paper1:row_base_tension_6in_t100,paper1,paper1:table_xi,baseline,plain_pipe,plain_tension,peak_pipeline_strain,0.29,percent,0.168,0.021,9.0,0.018666666666666668,70,100,Ph1,plain_pipe_phase_1,0.12857142857142856,1.4285714285714286,,,,,,,,,,,,,,,,,,,,,,,,,,,,,,edikb:p1_base_tension_01,medium,,,,,,,,,,,,,,,,,,,,,,,,,,,,,,,,,,,,,,,,,,,,,,,,,,,,,,,,,,,,,,,,,,,,
EDIKB_FULL_ML_DATASET_v0_2.csv,from_full,paper1_inline_behaviour,EDIKB_PAPER1_ML_DATASET_v0_2.csv,paper1:row_c1_ref_shroud_only_s3_3,paper1,paper1:table_xxxvi,B1,GD-SH,c1_reference_baseline,peak_pipeline_strain_X2,0.7,percent,0.4064,0.021,9.0,0.04515555555555555,85,100,Ph2,,0.10588235294117647,1.1764705882352942,shroud_X2,,,,,,,,,,,,,,,,10,2.5,1,,,,,,,,,,,edikb:p1_c1_shtp_nonadditive_01,medium,,,,,,,,,,,,,,,,,,,,,,,,,,,,,,,,,,,,,,,,,,,,,,,,,,,,,,,,,,,,,,,,,,,,
EDIKB_FULL_ML_DATASET_v0_2.csv,from_full,paper1_inline_behaviour,EDIKB_PAPER1_ML_DATASET_v0_2.csv,paper1:row_c1_s1_len_10d,paper1,paper1:table_xxxix,C1,GD-SH+GD-TP,shtp_thick_pipe_length,peak_pipeline_strain,1.26,percent,0.4064,0.021,9.0,0.04515555555555555,85,100,Ph2,X2,0.10588235294117647,1.1764705882352942,shroud_X2,,,10,4.064,0.45155555555555554,,,,,,,,,,spans_X2_X3_X4,10,2.5,1,True,True,1.0,,,,,,,,edikb:p1_c1_shtp_size_01;edikb:p1_c1_shtp_nonadditive_01,medium,+80% above B1 baseline,,,,,,,,,,,,,,,,,,,,,,,,,,,,,,,,,,,,,,,,,,,,,,,,,,,,,,,,,,,,,,,,,,,
EDIKB_FULL_ML_DATASET_v0_2.csv,from_full,paper1_inline_behaviour,EDIKB_PAPER1_ML_DATASET_v0_2.csv,paper1:row_c1_s1_len_10d_bm,paper1,paper1:table_xxxix,C1,GD-SH+GD-TP,shtp_thick_pipe_length,peak_component_bending_moment,1555,kNm,0.4064,0.021,9.0,0.04515555555555555,85,100,Ph2,thick_body,0.10588235294117647,1.1764705882352942,component_body,,,10,4.064,0.45155555555555554,,,,,,,,,,spans_X2_X3_X4,10,2.5,1,True,True,1.0,,,,,,,,edikb:p1_c1_shtp_size_01,medium,,,,,,,,,,,,,,,,,,,,,,,,,,,,,,,,,,,,,,,,,,,,,,,,,,,,,,,,,,,,,,,,,,,,
EDIKB_FULL_ML_DATASET_v0_2.csv,from_full,paper1_inline_behaviour,EDIKB_PAPER1_ML_DATASET_v0_2.csv,paper1:row_c1_s1_len_5d,paper1,paper1:table_xxxix,C1,GD-SH+GD-TP,shtp_thick_pipe_length,peak_pipeline_strain,0.952,percent,0.4064,0.021,9.0,0.04515555555555555,85,100,Ph2,X2,0.10588235294117647,1.1764705882352942,shroud_X2,,,5,2.032,0.22577777777777777,,,,,,,,,,X3_partial_X2_X4,10,2.5,1,True,True,0.5,,,,,,,,edikb:p1_c1_shtp_size_01;edikb:p1_c1_shtp_nonadditive_01,medium,+36% above B1 baseline,,,,,,,,,,,,,,,,,,,,,,,,,,,,,,,,,,,,,,,,,,,,,,,,,,,,,,,,,,,,,,,,,,,
EDIKB_FULL_ML_DATASET_v0_2.csv,from_full,paper1_inline_behaviour,EDIKB_PAPER1_ML_DATASET_v0_2.csv,paper1:row_c1_s1_len_5d_bm,paper1,paper1:table_xxxix,C1,GD-SH+GD-TP,shtp_thick_pipe_length,peak_component_bending_moment,1405,kNm,0.4064,0.021,9.0,0.04515555555555555,85,100,Ph2,thick_body,0.10588235294117647,1.1764705882352942,component_body,,,5,2.032,0.22577777777777777,,,,,,,,,,X3_partial_X2_X4,10,2.5,1,True,True,0.5,,,,,,,,edikb:p1_c1_shtp_size_01,medium,,,,,,,,,,,,,,,,,,,,,,,,,,,,,,,,,,,,,,,,,,,,,,,,,,,,,,,,,,,,,,,,,,,,
EDIKB_FULL_ML_DATASET_v0_2.csv,from_full,paper1_inline_behaviour,EDIKB_PAPER1_ML_DATASET_v0_2.csv,paper1:row_c1_s2_loc_x2,paper1,paper1:table_xli,C1,GD-SH+GD-TP,shtp_thick_pipe_location,peak_pipeline_strain_X2,0.901,percent,0.4064,0.021,9.0,0.04515555555555555,85,100,Ph2,pipe_component_junction_at_X2,0.10588235294117647,1.1764705882352942,shroud_X2,,,2.5,1.016,0.11288888888888889,,,,,,,,,,X2,10,2.5,1,True,True,0.25,,,,,,,,edikb:p1_c1_shtp_location_01;edikb:p1_c1_shtp_peakloc_01,medium,,,,,,,,,,,,,,,,,,,,,,,,,,,,,,,,,,,,,,,,,,,,,,,,,,,,,,,,,,,,,,,,,,,,
EDIKB_FULL_ML_DATASET_v0_2.csv,from_full,paper1_inline_behaviour,EDIKB_PAPER1_ML_DATASET_v0_2.csv,paper1:row_c1_s2_loc_x2_bm,paper1,paper1:table_xli,C1,GD-SH+GD-TP,shtp_thick_pipe_location,peak_component_bending_moment,1362,kNm,0.4064,0.021,9.0,0.04515555555555555,85,100,Ph2,thick_body,0.10588235294117647,1.1764705882352942,component_body,,,2.5,1.016,0.11288888888888889,,,,,,,,,,X2,10,2.5,1,True,True,0.25,,,,,,,,edikb:p1_c1_shtp_location_01,medium,,,,,,,,,,,,,,,,,,,,,,,,,,,,,,,,,,,,,,,,,,,,,,,,,,,,,,,,,,,,,,,,,,,,
EDIKB_FULL_ML_DATASET_v0_2.csv,from_full,paper1_inline_behaviour,EDIKB_PAPER1_ML_DATASET_v0_2.csv,paper1:row_c1_s2_loc_x2_x4,paper1,paper1:table_xli,C1,GD-SH+GD-TP,shtp_thick_pipe_location,pipeline_strain_X4,0.49,percent,0.4064,0.021,9.0,0.04515555555555555,85,100,Ph2,X4_response_region,0.10588235294117647,1.1764705882352942,shroud_X4,,,2.5,1.016,0.11288888888888889,,,,,,,,,,X2,10,2.5,1,True,True,0.25,,,,,,,,edikb:p1_c1_shtp_location_01,medium,,,,,,,,,,,,,,,,,,,,,,,,,,,,,,,,,,,,,,,,,,,,,,,,,,,,,,,,,,,,,,,,,,,,
EDIKB_FULL_ML_DATASET_v0_2.csv,from_full,paper1_inline_behaviour,EDIKB_PAPER1_ML_DATASET_v0_2.csv,paper1:row_c1_s2_loc_x3,paper1,paper1:table_xli,C1,GD-SH+GD-TP,shtp_thick_pipe_location,peak_pipeline_strain_X2,0.744,percent,0.4064,0.021,9.0,0.04515555555555555,85,100,Ph2,pipeline_body_at_X2,0.10588235294117647,1.1764705882352942,shroud_X2,,,2.5,1.016,0.11288888888888889,,,,,,,,,,X3,10,2.5,1,True,False,0.25,,,,,,,,edikb:p1_c1_shtp_location_01;edikb:p1_c1_shtp_peakloc_01,medium,,,,,,,,,,,,,,,,,,,,,,,,,,,,,,,,,,,,,,,,,,,,,,,,,,,,,,,,,,,,,,,,,,,,
EDIKB_FULL_ML_DATASET_v0_2.csv,from_full,paper1_inline_behaviour,EDIKB_PAPER1_ML_DATASET_v0_2.csv,paper1:row_c1_s2_loc_x3_bm,paper1,paper1:table_xli,C1,GD-SH+GD-TP,shtp_thick_pipe_location,peak_component_bending_moment,1310,kNm,0.4064,0.021,9.0,0.04515555555555555,85,100,Ph2,thick_body,0.10588235294117647,1.1764705882352942,component_body,,,2.5,1.016,0.11288888888888889,,,,,,,,,,X3,10,2.5,1,True,False,0.25,,,,,,,,edikb:p1_c1_shtp_location_01,medium,,,,,,,,,,,,,,,,,,,,,,,,,,,,,,,,,,,,,,,,,,,,,,,,,,,,,,,,,,,,,,,,,,,,
EDIKB_FULL_ML_DATASET_v0_2.csv,from_full,paper1_inline_behaviour,EDIKB_PAPER1_ML_DATASET_v0_2.csv,paper1:row_c1_s2_loc_x3_x4,paper1,paper1:table_xli,C1,GD-SH+GD-TP,shtp_thick_pipe_location,pipeline_strain_X4,0.59,percent,0.4064,0.021,9.0,0.04515555555555555,85,100,Ph2,X4_response_region,0.10588235294117647,1.1764705882352942,shroud_X4,,,2.5,1.016,0.11288888888888889,,,,,,,,,,X3,10,2.5,1,True,False,0.25,,,,,,,,edikb:p1_c1_shtp_location_01,medium,,,,,,,,,,,,,,,,,,,,,,,,,,,,,,,,,,,,,,,,,,,,,,,,,,,,,,,,,,,,,,,,,,,,
EDIKB_FULL_ML_DATASET_v0_2.csv,from_full,paper1_inline_behaviour,EDIKB_PAPER1_ML_DATASET_v0_2.csv,paper1:row_c1_s2_loc_x4,paper1,paper1:table_xli,C1,GD-SH+GD-TP,shtp_thick_pipe_location,peak_pipeline_strain_X2,0.744,percent,0.4064,0.021,9.0,0.04515555555555555,85,100,Ph2,pipeline_body_at_X2,0.10588235294117647,1.1764705882352942,shroud_X2,,,2.5,1.016,0.11288888888888889,,,,,,,,,,X4,10,2.5,1,True,False,0.25,,,,,,,,edikb:p1_c1_shtp_location_01;edikb:p1_c1_shtp_peakloc_01,medium,,,,,,,,,,,,,,,,,,,,,,,,,,,,,,,,,,,,,,,,,,,,,,,,,,,,,,,,,,,,,,,,,,,,
EDIKB_FULL_ML_DATASET_v0_2.csv,from_full,paper1_inline_behaviour,EDIKB_PAPER1_ML_DATASET_v0_2.csv,paper1:row_c1_s2_loc_x4_bm,paper1,paper1:table_xli,C1,GD-SH+GD-TP,shtp_thick_pipe_location,peak_component_bending_moment,1271,kNm,0.4064,0.021,9.0,0.04515555555555555,85,100,Ph2,thick_body,0.10588235294117647,1.1764705882352942,component_body,,,2.5,1.016,0.11288888888888889,,,,,,,,,,X4,10,2.5,1,True,False,0.25,,,,,,,,edikb:p1_c1_shtp_location_01,medium,,,,,,,,,,,,,,,,,,,,,,,,,,,,,,,,,,,,,,,,,,,,,,,,,,,,,,,,,,,,,,,,,,,,
EDIKB_FULL_ML_DATASET_v0_2.csv,from_full,paper1_inline_behaviour,EDIKB_PAPER1_ML_DATASET_v0_2.csv,paper1:row_c1_s2_loc_x4_x4,paper1,paper1:table_xli,C1,GD-SH+GD-TP,shtp_thick_pipe_location,pipeline_strain_X4,0.57,percent,0.4064,0.021,9.0,0.04515555555555555,85,100,Ph2,X4_response_region,0.10588235294117647,1.1764705882352942,shroud_X4,,,2.5,1.016,0.11288888888888889,,,,,,,,,,X4,10,2.5,1,True,False,0.25,,,,,,,,edikb:p1_c1_shtp_location_01,medium,,,,,,,,,,,,,,,,,,,,,,,,,,,,,,,,,,,,,,,,,,,,,,,,,,,,,,,,,,,,,,,,,,,,
EDIKB_FULL_ML_DATASET_v0_2.csv,from_full,paper1_inline_behaviour,EDIKB_PAPER1_ML_DATASET_v0_2.csv,paper1:row_sh_matrix_s1_1,paper1,paper1:table_xxx,B1,GD-SH,shroud_run_matrix,peak_pipeline_strain_X2,0.81,percent,0.4064,0.021,9.0,0.04515555555555555,70,120,Ph2,X2,0.12857142857142856,1.7142857142857142,X2,,,,,,,,,,,,,,,GD-SH offset/deep-section geometry,5,2.5,1.0,,,,2.032,1.016,0.4064,0.22577777777777777,0.11288888888888889,1.0,single_roller_contact,edikb:p1_b1_sh_phase_01;edikb:p1_b1_sh_region_01;edikb:p1_b1_sh_v_01,medium,"Paper 1 values are relative parametric evidence, not direct final code-compliance values.",,,,,,,,,,,,,,,,,,,,,,,,,,,,,,,,,,,,,,,,,,,,,,,,,,,,,,,,,,,,,,,,,,,
EDIKB_FULL_ML_DATASET_v0_2.csv,from_full,paper1_inline_behaviour,EDIKB_PAPER1_ML_DATASET_v0_2.csv,paper1:row_sh_matrix_s1_2,paper1,paper1:table_xxx,B1,GD-SH,shroud_run_matrix,peak_pipeline_strain_X2,0.83,percent,0.4064,0.021,9.0,0.04515555555555555,70,120,Ph2,X2,0.12857142857142856,1.7142857142857142,X2,,,,,,,,,,,,,,,GD-SH offset/deep-section geometry,6,2,1.0,,,,2.4383999999999997,0.8128,0.4064,0.2709333333333333,0.0903111111111111,1.0,single_roller_contact,edikb:p1_b1_sh_phase_01;edikb:p1_b1_sh_region_01;edikb:p1_b1_sh_v_01,medium,"Paper 1 values are relative parametric evidence, not direct final code-compliance values.",,,,,,,,,,,,,,,,,,,,,,,,,,,,,,,,,,,,,,,,,,,,,,,,,,,,,,,,,,,,,,,,,,,
EDIKB_FULL_ML_DATASET_v0_2.csv,from_full,paper1_inline_behaviour,EDIKB_PAPER1_ML_DATASET_v0_2.csv,paper1:row_sh_matrix_s1_3,paper1,paper1:table_xxx,B1,GD-SH,shroud_run_matrix,peak_pipeline_strain_X2,0.97,percent,0.4064,0.021,9.0,0.04515555555555555,70,120,Ph2,X2,0.12857142857142856,1.7142857142857142,X2,,,,,,,,,,,,,,,GD-SH offset/deep-section geometry,5,2.5,1.5,,,,2.032,1.016,0.6095999999999999,0.22577777777777777,0.11288888888888889,1.5,single_roller_contact,edikb:p1_b1_sh_phase_01;edikb:p1_b1_sh_region_01;edikb:p1_b1_sh_v_01,medium,"Paper 1 values are relative parametric evidence, not direct final code-compliance values.",,,,,,,,,,,,,,,,,,,,,,,,,,,,,,,,,,,,,,,,,,,,,,,,,,,,,,,,,,,,,,,,,,,
EDIKB_FULL_ML_DATASET_v0_2.csv,from_full,paper1_inline_behaviour,EDIKB_PAPER1_ML_DATASET_v0_2.csv,paper1:row_sh_matrix_s1_4,paper1,paper1:table_xxx,B1,GD-SH,shroud_run_matrix,peak_pipeline_strain_X2,1.05,percent,0.4064,0.021,9.0,0.04515555555555555,70,120,Ph2,X2,0.12857142857142856,1.7142857142857142,X2,,,,,,,,,,,,,,,GD-SH offset/deep-section geometry,6,2,1.5,,,,2.4383999999999997,0.8128,0.6095999999999999,0.2709333333333333,0.0903111111111111,1.5,single_roller_contact,edikb:p1_b1_sh_phase_01;edikb:p1_b1_sh_region_01;edikb:p1_b1_sh_v_01,medium,"Paper 1 values are relative parametric evidence, not direct final code-compliance values.",,,,,,,,,,,,,,,,,,,,,,,,,,,,,,,,,,,,,,,,,,,,,,,,,,,,,,,,,,,,,,,,,,,
EDIKB_FULL_ML_DATASET_v0_2.csv,from_full,paper1_inline_behaviour,EDIKB_PAPER1_ML_DATASET_v0_2.csv,paper1:row_sh_matrix_s1_5,paper1,paper1:table_xxx,B1,GD-SH,shroud_run_matrix,peak_pipeline_strain_X2,1.15,percent,0.4064,0.021,9.0,0.04515555555555555,70,120,Ph2,X2,0.12857142857142856,1.7142857142857142,X2,,,,,,,,,,,,,,,GD-SH offset/deep-section geometry,5,2.5,2.0,,,,2.032,1.016,0.8128,0.22577777777777777,0.11288888888888889,2.0,single_roller_contact,edikb:p1_b1_sh_phase_01;edikb:p1_b1_sh_region_01;edikb:p1_b1_sh_v_01,medium,"Paper 1 values are relative parametric evidence, not direct final code-compliance values.",,,,,,,,,,,,,,,,,,,,,,,,,,,,,,,,,,,,,,,,,,,,,,,,,,,,,,,,,,,,,,,,,,,
EDIKB_FULL_ML_DATASET_v0_2.csv,from_full,paper1_inline_behaviour,EDIKB_PAPER1_ML_DATASET_v0_2.csv,paper1:row_sh_matrix_s1_6,paper1,paper1:table_xxx,B1,GD-SH,shroud_run_matrix,peak_pipeline_strain_X2,0.83,percent,0.4064,0.021,9.0,0.04515555555555555,70,120,Ph2,X2,0.12857142857142856,1.7142857142857142,X2,,,,,,,,,,,,,,,GD-SH offset/deep-section geometry,2.5,2,1.0,,,,1.016,0.8128,0.4064,0.11288888888888889,0.0903111111111111,1.0,single_roller_contact,edikb:p1_b1_sh_phase_01;edikb:p1_b1_sh_region_01;edikb:p1_b1_sh_v_01,medium,"Paper 1 values are relative parametric evidence, not direct final code-compliance values.",,,,,,,,,,,,,,,,,,,,,,,,,,,,,,,,,,,,,,,,,,,,,,,,,,,,,,,,,,,,,,,,,,,
EDIKB_FULL_ML_DATASET_v0_2.csv,from_full,paper1_inline_behaviour,EDIKB_PAPER1_ML_DATASET_v0_2.csv,paper1:row_sh_matrix_s1_7,paper1,paper1:table_xxx,B1,GD-SH,shroud_run_matrix,peak_pipeline_strain_X2,1.17,percent,0.4064,0.021,9.0,0.04515555555555555,70,120,Ph2,X2,0.12857142857142856,1.7142857142857142,X2,,,,,,,,,,,,,,,GD-SH offset/deep-section geometry,2.5,2,1.5,,,,1.016,0.8128,0.6095999999999999,0.11288888888888889,0.0903111111111111,1.5,single_roller_contact,edikb:p1_b1_sh_phase_01;edikb:p1_b1_sh_region_01;edikb:p1_b1_sh_v_01,medium,"Paper 1 values are relative parametric evidence, not direct final code-compliance values.",,,,,,,,,,,,,,,,,,,,,,,,,,,,,,,,,,,,,,,,,,,,,,,,,,,,,,,,,,,,,,,,,,,
EDIKB_FULL_ML_DATASET_v0_2.csv,from_full,paper1_inline_behaviour,EDIKB_PAPER1_ML_DATASET_v0_2.csv,paper1:row_sh_matrix_s2_1,paper1,paper1:table_xxx,B1,GD-SH,shroud_run_matrix,peak_pipeline_strain_X2,0.78,percent,0.4064,0.021,9.0,0.04515555555555555,70,100,Ph2,X2,0.12857142857142856,1.4285714285714286,X2,,,,,,,,,,,,,,,GD-SH offset/deep-section geometry,2.5,2,1.0,,,,1.016,0.8128,0.4064,0.11288888888888889,0.0903111111111111,1.0,single_roller_contact,edikb:p1_b1_sh_phase_01;edikb:p1_b1_sh_region_01;edikb:p1_b1_sh_l1_normal_01,medium,"Paper 1 values are relative parametric evidence, not direct final code-compliance values.",,,,,,,,,,,,,,,,,,,,,,,,,,,,,,,,,,,,,,,,,,,,,,,,,,,,,,,,,,,,,,,,,,,
EDIKB_FULL_ML_DATASET_v0_2.csv,from_full,paper1_inline_behaviour,EDIKB_PAPER1_ML_DATASET_v0_2.csv,paper1:row_sh_matrix_s2_2,paper1,paper1:table_xxx,B1,GD-SH,shroud_run_matrix,peak_pipeline_strain_X2,0.75,percent,0.4064,0.021,9.0,0.04515555555555555,70,100,Ph2,X2,0.12857142857142856,1.4285714285714286,X2,,,,,,,,,,,,,,,GD-SH offset/deep-section geometry,4,5,1.0,,,,1.6256,2.032,0.4064,0.1806222222222222,0.22577777777777777,1.0,single_roller_contact,edikb:p1_b1_sh_phase_01;edikb:p1_b1_sh_region_01;edikb:p1_b1_sh_l1_normal_01,medium,"Paper 1 values are relative parametric evidence, not direct final code-compliance values.",,,,,,,,,,,,,,,,,,,,,,,,,,,,,,,,,,,,,,,,,,,,,,,,,,,,,,,,,,,,,,,,,,,
EDIKB_FULL_ML_DATASET_v0_2.csv,from_full,paper1_inline_behaviour,EDIKB_PAPER1_ML_DATASET_v0_2.csv,paper1:row_sh_matrix_s2_3,paper1,paper1:table_xxx,B1,GD-SH,shroud_run_matrix,peak_pipeline_strain_X2,0.76,percent,0.4064,0.021,9.0,0.04515555555555555,70,100,Ph2,X2,0.12857142857142856,1.4285714285714286,X2,,,,,,,,,,,,,,,GD-SH offset/deep-section geometry,10,5,1.0,,,,4.064,2.032,0.4064,0.45155555555555554,0.22577777777777777,1.0,single_roller_contact,edikb:p1_b1_sh_phase_01;edikb:p1_b1_sh_region_01;edikb:p1_b1_sh_l1_normal_01;edikb:p1_b1_sh_l2_01,medium,"Paper 1 values are relative parametric evidence, not direct final code-compliance values.",,,,,,,,,,,,,,,,,,,,,,,,,,,,,,,,,,,,,,,,,,,,,,,,,,,,,,,,,,,,,,,,,,,
EDIKB_FULL_ML_DATASET_v0_2.csv,from_full,paper1_inline_behaviour,EDIKB_PAPER1_ML_DATASET_v0_2.csv,paper1:row_sh_matrix_s2_4,paper1,paper1:table_xxx,B1,GD-SH,shroud_run_matrix,peak_pipeline_strain_X2,0.79,percent,0.4064,0.021,9.0,0.04515555555555555,70,100,Ph2,X2,0.12857142857142856,1.4285714285714286,X2,,,,,,,,,,,,,,,GD-SH offset/deep-section geometry,10,1,1.0,,,,4.064,0.4064,0.4064,0.45155555555555554,0.04515555555555555,1.0,single_roller_contact,edikb:p1_b1_sh_phase_01;edikb:p1_b1_sh_region_01;edikb:p1_b1_sh_l2_01,medium,"Paper 1 values are relative parametric evidence, not direct final code-compliance values.",,,,,,,,,,,,,,,,,,,,,,,,,,,,,,,,,,,,,,,,,,,,,,,,,,,,,,,,,,,,,,,,,,,
EDIKB_FULL_ML_DATASET_v0_2.csv,from_full,paper1_inline_behaviour,EDIKB_PAPER1_ML_DATASET_v0_2.csv,paper1:row_sh_matrix_s2_5,paper1,paper1:table_xxx,B1,GD-SH,shroud_run_matrix,peak_pipeline_strain_X2,1.03,percent,0.4064,0.021,9.0,0.04515555555555555,70,100,Ph2,X2,0.12857142857142856,1.4285714285714286,X2,,,,,,,,,,,,,,,GD-SH offset/deep-section geometry,10,5,1.5,,,,4.064,2.032,0.6095999999999999,0.45155555555555554,0.22577777777777777,1.5,single_roller_contact,edikb:p1_b1_sh_phase_01;edikb:p1_b1_sh_region_01;edikb:p1_b1_sh_v_01,medium,"Paper 1 values are relative parametric evidence, not direct final code-compliance values.",,,,,,,,,,,,,,,,,,,,,,,,,,,,,,,,,,,,,,,,,,,,,,,,,,,,,,,,,,,,,,,,,,,
EDIKB_FULL_ML_DATASET_v0_2.csv,from_full,paper1_inline_behaviour,EDIKB_PAPER1_ML_DATASET_v0_2.csv,paper1:row_sh_matrix_s2_6,paper1,paper1:table_xxx,B1,GD-SH,shroud_run_matrix,peak_pipeline_strain_X2,1.23,percent,0.4064,0.021,9.0,0.04515555555555555,70,100,Ph2,X2,0.12857142857142856,1.4285714285714286,X2,,,,,,,,,,,,,,,GD-SH offset/deep-section geometry,10,5,2.0,,,,4.064,2.032,0.8128,0.45155555555555554,0.22577777777777777,2.0,single_roller_contact,edikb:p1_b1_sh_phase_01;edikb:p1_b1_sh_region_01;edikb:p1_b1_sh_v_01;edikb:p1_b1_sh_l1_normal_01,medium,"Paper 1 values are relative parametric evidence, not direct final code-compliance values.",,,,,,,,,,,,,,,,,,,,,,,,,,,,,,,,,,,,,,,,,,,,,,,,,,,,,,,,,,,,,,,,,,,
EDIKB_FULL_ML_DATASET_v0_2.csv,from_full,paper1_inline_behaviour,EDIKB_PAPER1_ML_DATASET_v0_2.csv,paper1:row_sh_matrix_s2_7_dual,paper1,paper1:table_xxx,B1,GD-SH,shroud_run_matrix,peak_pipeline_strain_X2,0.55,percent,0.4064,0.021,9.0,0.04515555555555555,70,100,Ph2,X2,0.12857142857142856,1.4285714285714286,X2,,,,,,,,,,,,,,,GD-SH offset/deep-section geometry,25,2,2.0,,,,10.16,0.8128,0.8128,1.1288888888888888,0.0903111111111111,2.0,dual_roller_contact,edikb:p1_b1_sh_phase_01;edikb:p1_b1_sh_region_01;edikb:p1_b1_sh_l1_long_01;edikb:p1_cross_long_multiroller_relief_01,medium,"Paper 1 values are relative parametric evidence, not direct final code-compliance values.",,,,,,,,,,,,,,,,,,,,,,,,,,,,,,,,,,,,,,,,,,,,,,,,,,,,,,,,,,,,,,,,,,,
EDIKB_FULL_ML_DATASET_v0_2.csv,from_full,paper1_inline_behaviour,EDIKB_PAPER1_ML_DATASET_v0_2.csv,paper1:row_sh_matrix_s2_7_single,paper1,paper1:table_xxx,B1,GD-SH,shroud_run_matrix,peak_pipeline_strain_X2,0.66,percent,0.4064,0.021,9.0,0.04515555555555555,70,100,Ph2,X2,0.12857142857142856,1.4285714285714286,X2,,,,,,,,,,,,,,,GD-SH offset/deep-section geometry,25,2,2.0,,,,10.16,0.8128,0.8128,1.1288888888888888,0.0903111111111111,2.0,single_roller_contact,edikb:p1_b1_sh_phase_01;edikb:p1_b1_sh_region_01;edikb:p1_b1_sh_l1_long_01;edikb:p1_cross_long_multiroller_relief_01,medium,"Paper 1 values are relative parametric evidence, not direct final code-compliance values.",,,,,,,,,,,,,,,,,,,,,,,,,,,,,,,,,,,,,,,,,,,,,,,,,,,,,,,,,,,,,,,,,,,
EDIKB_FULL_ML_DATASET_v0_2.csv,from_full,paper1_inline_behaviour,EDIKB_PAPER1_ML_DATASET_v0_2.csv,paper1:row_sh_matrix_s2_8,paper1,paper1:table_xxx,B1,GD-SH,shroud_run_matrix,peak_pipeline_strain_X2,0.59,percent,0.4064,0.021,9.0,0.04515555555555555,70,100,Ph2,X2,0.12857142857142856,1.4285714285714286,X2,,,,,,,,,,,,,,,GD-SH offset/deep-section geometry,50,2,2.0,,,,20.32,0.8128,0.8128,2.2577777777777777,0.0903111111111111,2.0,dual_roller_contact,edikb:p1_b1_sh_phase_01;edikb:p1_b1_sh_region_01;edikb:p1_b1_sh_l1_long_01;edikb:p1_cross_long_multiroller_relief_01,medium,"Paper 1 values are relative parametric evidence, not direct final code-compliance values.",,,,,,,,,,,,,,,,,,,,,,,,,,,,,,,,,,,,,,,,,,,,,,,,,,,,,,,,,,,,,,,,,,,
EDIKB_FULL_ML_DATASET_v0_2.csv,from_full,paper1_inline_behaviour,EDIKB_PAPER1_ML_DATASET_v0_2.csv,paper1:row_sh_matrix_s3_2,paper1,paper1:table_xxx,B1,GD-SH,shroud_run_matrix,peak_pipeline_strain_X2,0.62,percent,0.4064,0.021,9.0,0.04515555555555555,85,100,Ph2,X2,0.10588235294117647,1.1764705882352942,X2,,,,,,,,,,,,,,,GD-SH offset/deep-section geometry,10,2.5,0.75,,,,4.064,1.016,0.30479999999999996,0.45155555555555554,0.11288888888888889,0.75,single_roller_contact,edikb:p1_b1_sh_phase_01;edikb:p1_b1_sh_region_01;edikb:p1_b1_sh_v_01,medium,"Paper 1 values are relative parametric evidence, not direct final code-compliance values.",,,,,,,,,,,,,,,,,,,,,,,,,,,,,,,,,,,,,,,,,,,,,,,,,,,,,,,,,,,,,,,,,,,
EDIKB_FULL_ML_DATASET_v0_2.csv,from_full,paper1_inline_behaviour,EDIKB_PAPER1_ML_DATASET_v0_2.csv,paper1:row_sh_matrix_s3_3,paper1,paper1:table_xxx,B1,GD-SH,shroud_run_matrix,peak_pipeline_strain_X2,0.7,percent,0.4064,0.021,9.0,0.04515555555555555,85,100,Ph2,X2,0.10588235294117647,1.1764705882352942,X2,,,,,,,,,,,,,,,GD-SH offset/deep-section geometry,10,2.5,1.0,,,,4.064,1.016,0.4064,0.45155555555555554,0.11288888888888889,1.0,single_roller_contact,edikb:p1_b1_sh_phase_01;edikb:p1_b1_sh_region_01;edikb:p1_b1_sh_v_01,medium,"Paper 1 values are relative parametric evidence, not direct final code-compliance values.",,,,,,,,,,,,,,,,,,,,,,,,,,,,,,,,,,,,,,,,,,,,,,,,,,,,,,,,,,,,,,,,,,,
EDIKB_FULL_ML_DATASET_v0_2.csv,from_full,paper1_inline_behaviour,EDIKB_PAPER1_ML_DATASET_v0_2.csv,paper1:row_sh_matrix_s3_4,paper1,paper1:table_xxx,B1,GD-SH,shroud_run_matrix,peak_pipeline_strain_X2,0.95,percent,0.4064,0.021,9.0,0.04515555555555555,85,100,Ph2,X2,0.10588235294117647,1.1764705882352942,X2,,,,,,,,,,,,,,,GD-SH offset/deep-section geometry,10,2.5,1.5,,,,4.064,1.016,0.6095999999999999,0.45155555555555554,0.11288888888888889,1.5,single_roller_contact,edikb:p1_b1_sh_phase_01;edikb:p1_b1_sh_region_01;edikb:p1_b1_sh_v_01,medium,"Paper 1 values are relative parametric evidence, not direct final code-compliance values.",,,,,,,,,,,,,,,,,,,,,,,,,,,,,,,,,,,,,,,,,,,,,,,,,,,,,,,,,,,,,,,,,,,
EDIKB_FULL_ML_DATASET_v0_2.csv,from_full,paper1_inline_behaviour,EDIKB_PAPER1_ML_DATASET_v0_2.csv,paper1:row_sh_matrix_s3_5,paper1,paper1:table_xxx,B1,GD-SH,shroud_run_matrix,peak_pipeline_strain_X2,1.2,percent,0.4064,0.021,9.0,0.04515555555555555,85,100,Ph2,X2,0.10588235294117647,1.1764705882352942,X2,,,,,,,,,,,,,,,GD-SH offset/deep-section geometry,10,2.5,2.0,,,,4.064,1.016,0.8128,0.45155555555555554,0.11288888888888889,2.0,single_roller_contact,edikb:p1_b1_sh_phase_01;edikb:p1_b1_sh_region_01;edikb:p1_b1_sh_v_01,medium,"Paper 1 values are relative parametric evidence, not direct final code-compliance values.",,,,,,,,,,,,,,,,,,,,,,,,,,,,,,,,,,,,,,,,,,,,,,,,,,,,,,,,,,,,,,,,,,,
EDIKB_FULL_ML_DATASET_v0_2.csv,from_full,paper1_inline_behaviour,EDIKB_PAPER1_ML_DATASET_v0_2.csv,paper1:row_sh_matrix_s3_6,paper1,paper1:table_xxx,B1,GD-SH,shroud_run_matrix,peak_pipeline_strain_X2,1.51,percent,0.4064,0.021,9.0,0.04515555555555555,85,100,Ph2,X2,0.10588235294117647,1.1764705882352942,X2,,,,,,,,,,,,,,,GD-SH offset/deep-section geometry,10,2.5,2.5,,,,4.064,1.016,1.016,0.45155555555555554,0.11288888888888889,2.5,single_roller_contact,edikb:p1_b1_sh_phase_01;edikb:p1_b1_sh_region_01;edikb:p1_b1_sh_v_01,medium,"Paper 1 values are relative parametric evidence, not direct final code-compliance values.",,,,,,,,,,,,,,,,,,,,,,,,,,,,,,,,,,,,,,,,,,,,,,,,,,,,,,,,,,,,,,,,,,,
EDIKB_FULL_ML_DATASET_v0_2.csv,from_full,paper1_inline_behaviour,EDIKB_PAPER1_ML_DATASET_v0_2.csv,paper1:row_sh_matrix_s3_7,paper1,paper1:table_xxx,B1,GD-SH,shroud_run_matrix,peak_pipeline_strain_X2,1.8,percent,0.4064,0.021,9.0,0.04515555555555555,85,100,Ph2,X2,0.10588235294117647,1.1764705882352942,X2,,,,,,,,,,,,,,,GD-SH offset/deep-section geometry,10,2.5,3.0,,,,4.064,1.016,1.2191999999999998,0.45155555555555554,0.11288888888888889,3.0,single_roller_contact,edikb:p1_b1_sh_phase_01;edikb:p1_b1_sh_region_01;edikb:p1_b1_sh_v_01,medium,"Paper 1 values are relative parametric evidence, not direct final code-compliance values.",,,,,,,,,,,,,,,,,,,,,,,,,,,,,,,,,,,,,,,,,,,,,,,,,,,,,,,,,,,,,,,,,,,
EDIKB_FULL_ML_DATASET_v0_2.csv,from_full,paper1_inline_behaviour,EDIKB_PAPER1_ML_DATASET_v0_2.csv,paper1:row_sh_region_v075_x2,paper1,paper1:table_xxxiv,B1,GD-SH,shroud_region_distribution,pipeline_strain_X2,0.62,percent,0.4064,0.021,9.0,0.04515555555555555,85,100,Ph2,X2,0.10588235294117647,1.1764705882352942,X2,,,,,,,,,,,,,,,GD-SH offset/deep-section geometry,10,2.5,0.75,,,,4.064,1.016,0.30479999999999996,0.45155555555555554,0.11288888888888889,0.75,single_roller_contact,edikb:p1_b1_sh_region_01;edikb:p1_b1_sh_v_01;edikb:p1_cross_position_governs_01,medium,"Paper 1 values are relative parametric evidence, not direct final code-compliance values.",,,,,,,,,,,,,,,,,,,,,,,,,,,,,,,,,,,,,,,,,,,,,,,,,,,,,,,,,,,,,,,,,,,
EDIKB_FULL_ML_DATASET_v0_2.csv,from_full,paper1_inline_behaviour,EDIKB_PAPER1_ML_DATASET_v0_2.csv,paper1:row_sh_region_v075_x3,paper1,paper1:table_xxxiv,B1,GD-SH,shroud_region_distribution,pipeline_strain_X3,0.42,percent,0.4064,0.021,9.0,0.04515555555555555,85,100,Ph2,X2,0.10588235294117647,1.1764705882352942,X3,,,,,,,,,,,,,,,GD-SH offset/deep-section geometry,10,2.5,0.75,,,,4.064,1.016,0.30479999999999996,0.45155555555555554,0.11288888888888889,0.75,single_roller_contact,edikb:p1_b1_sh_region_01;edikb:p1_b1_sh_v_01;edikb:p1_cross_position_governs_01,medium,"Paper 1 values are relative parametric evidence, not direct final code-compliance values.",,,,,,,,,,,,,,,,,,,,,,,,,,,,,,,,,,,,,,,,,,,,,,,,,,,,,,,,,,,,,,,,,,,
EDIKB_FULL_ML_DATASET_v0_2.csv,from_full,paper1_inline_behaviour,EDIKB_PAPER1_ML_DATASET_v0_2.csv,paper1:row_sh_region_v075_x4,paper1,paper1:table_xxxiv,B1,GD-SH,shroud_region_distribution,pipeline_strain_X4,0.35,percent,0.4064,0.021,9.0,0.04515555555555555,85,100,Ph2,X2,0.10588235294117647,1.1764705882352942,X4,,,,,,,,,,,,,,,GD-SH offset/deep-section geometry,10,2.5,0.75,,,,4.064,1.016,0.30479999999999996,0.45155555555555554,0.11288888888888889,0.75,single_roller_contact,edikb:p1_b1_sh_region_01;edikb:p1_b1_sh_v_01;edikb:p1_cross_position_governs_01,medium,"Paper 1 values are relative parametric evidence, not direct final code-compliance values.",,,,,,,,,,,,,,,,,,,,,,,,,,,,,,,,,,,,,,,,,,,,,,,,,,,,,,,,,,,,,,,,,,,
EDIKB_FULL_ML_DATASET_v0_2.csv,from_full,paper1_inline_behaviour,EDIKB_PAPER1_ML_DATASET_v0_2.csv,paper1:row_sh_region_v10_x2,paper1,paper1:table_xxxiv,B1,GD-SH,shroud_region_distribution,pipeline_strain_X2,0.7,percent,0.4064,0.021,9.0,0.04515555555555555,85,100,Ph2,X2,0.10588235294117647,1.1764705882352942,X2,,,,,,,,,,,,,,,GD-SH offset/deep-section geometry,10,2.5,1.0,,,,4.064,1.016,0.4064,0.45155555555555554,0.11288888888888889,1.0,single_roller_contact,edikb:p1_b1_sh_region_01;edikb:p1_b1_sh_v_01;edikb:p1_cross_position_governs_01,medium,"Paper 1 values are relative parametric evidence, not direct final code-compliance values.",,,,,,,,,,,,,,,,,,,,,,,,,,,,,,,,,,,,,,,,,,,,,,,,,,,,,,,,,,,,,,,,,,,
EDIKB_FULL_ML_DATASET_v0_2.csv,from_full,paper1_inline_behaviour,EDIKB_PAPER1_ML_DATASET_v0_2.csv,paper1:row_sh_region_v10_x3,paper1,paper1:table_xxxiv,B1,GD-SH,shroud_region_distribution,pipeline_strain_X3,0.55,percent,0.4064,0.021,9.0,0.04515555555555555,85,100,Ph2,X2,0.10588235294117647,1.1764705882352942,X3,,,,,,,,,,,,,,,GD-SH offset/deep-section geometry,10,2.5,1.0,,,,4.064,1.016,0.4064,0.45155555555555554,0.11288888888888889,1.0,single_roller_contact,edikb:p1_b1_sh_region_01;edikb:p1_b1_sh_v_01;edikb:p1_cross_position_governs_01,medium,"Paper 1 values are relative parametric evidence, not direct final code-compliance values.",,,,,,,,,,,,,,,,,,,,,,,,,,,,,,,,,,,,,,,,,,,,,,,,,,,,,,,,,,,,,,,,,,,
EDIKB_FULL_ML_DATASET_v0_2.csv,from_full,paper1_inline_behaviour,EDIKB_PAPER1_ML_DATASET_v0_2.csv,paper1:row_sh_region_v10_x4,paper1,paper1:table_xxxiv,B1,GD-SH,shroud_region_distribution,pipeline_strain_X4,0.43,percent,0.4064,0.021,9.0,0.04515555555555555,85,100,Ph2,X2,0.10588235294117647,1.1764705882352942,X4,,,,,,,,,,,,,,,GD-SH offset/deep-section geometry,10,2.5,1.0,,,,4.064,1.016,0.4064,0.45155555555555554,0.11288888888888889,1.0,single_roller_contact,edikb:p1_b1_sh_region_01;edikb:p1_b1_sh_v_01;edikb:p1_cross_position_governs_01,medium,"Paper 1 values are relative parametric evidence, not direct final code-compliance values.",,,,,,,,,,,,,,,,,,,,,,,,,,,,,,,,,,,,,,,,,,,,,,,,,,,,,,,,,,,,,,,,,,,
EDIKB_FULL_ML_DATASET_v0_2.csv,from_full,paper1_inline_behaviour,EDIKB_PAPER1_ML_DATASET_v0_2.csv,paper1:row_sh_region_v15_x2,paper1,paper1:table_xxxiv,B1,GD-SH,shroud_region_distribution,pipeline_strain_X2,0.95,percent,0.4064,0.021,9.0,0.04515555555555555,85,100,Ph2,X2,0.10588235294117647,1.1764705882352942,X2,,,,,,,,,,,,,,,GD-SH offset/deep-section geometry,10,2.5,1.5,,,,4.064,1.016,0.6095999999999999,0.45155555555555554,0.11288888888888889,1.5,single_roller_contact,edikb:p1_b1_sh_region_01;edikb:p1_b1_sh_v_01;edikb:p1_cross_position_governs_01,medium,"Paper 1 values are relative parametric evidence, not direct final code-compliance values.",,,,,,,,,,,,,,,,,,,,,,,,,,,,,,,,,,,,,,,,,,,,,,,,,,,,,,,,,,,,,,,,,,,
EDIKB_FULL_ML_DATASET_v0_2.csv,from_full,paper1_inline_behaviour,EDIKB_PAPER1_ML_DATASET_v0_2.csv,paper1:row_sh_region_v15_x3,paper1,paper1:table_xxxiv,B1,GD-SH,shroud_region_distribution,pipeline_strain_X3,0.75,percent,0.4064,0.021,9.0,0.04515555555555555,85,100,Ph2,X2,0.10588235294117647,1.1764705882352942,X3,,,,,,,,,,,,,,,GD-SH offset/deep-section geometry,10,2.5,1.5,,,,4.064,1.016,0.6095999999999999,0.45155555555555554,0.11288888888888889,1.5,single_roller_contact,edikb:p1_b1_sh_region_01;edikb:p1_b1_sh_v_01;edikb:p1_cross_position_governs_01,medium,"Paper 1 values are relative parametric evidence, not direct final code-compliance values.",,,,,,,,,,,,,,,,,,,,,,,,,,,,,,,,,,,,,,,,,,,,,,,,,,,,,,,,,,,,,,,,,,,
EDIKB_FULL_ML_DATASET_v0_2.csv,from_full,paper1_inline_behaviour,EDIKB_PAPER1_ML_DATASET_v0_2.csv,paper1:row_sh_region_v15_x4,paper1,paper1:table_xxxiv,B1,GD-SH,shroud_region_distribution,pipeline_strain_X4,0.58,percent,0.4064,0.021,9.0,0.04515555555555555,85,100,Ph2,X2,0.10588235294117647,1.1764705882352942,X4,,,,,,,,,,,,,,,GD-SH offset/deep-section geometry,10,2.5,1.5,,,,4.064,1.016,0.6095999999999999,0.45155555555555554,0.11288888888888889,1.5,single_roller_contact,edikb:p1_b1_sh_region_01;edikb:p1_b1_sh_v_01;edikb:p1_cross_position_governs_01,medium,"Paper 1 values are relative parametric evidence, not direct final code-compliance values.",,,,,,,,,,,,,,,,,,,,,,,,,,,,,,,,,,,,,,,,,,,,,,,,,,,,,,,,,,,,,,,,,,,
EDIKB_FULL_ML_DATASET_v0_2.csv,from_full,paper1_inline_behaviour,EDIKB_PAPER1_ML_DATASET_v0_2.csv,paper1:row_sh_region_v20_x2,paper1,paper1:table_xxxiv,B1,GD-SH,shroud_region_distribution,pipeline_strain_X2,1.2,percent,0.4064,0.021,9.0,0.04515555555555555,85,100,Ph2,X2,0.10588235294117647,1.1764705882352942,X2,,,,,,,,,,,,,,,GD-SH offset/deep-section geometry,10,2.5,2.0,,,,4.064,1.016,0.8128,0.45155555555555554,0.11288888888888889,2.0,single_roller_contact,edikb:p1_b1_sh_region_01;edikb:p1_b1_sh_v_01;edikb:p1_cross_position_governs_01,medium,"Paper 1 values are relative parametric evidence, not direct final code-compliance values.",,,,,,,,,,,,,,,,,,,,,,,,,,,,,,,,,,,,,,,,,,,,,,,,,,,,,,,,,,,,,,,,,,,
EDIKB_FULL_ML_DATASET_v0_2.csv,from_full,paper1_inline_behaviour,EDIKB_PAPER1_ML_DATASET_v0_2.csv,paper1:row_sh_region_v20_x3,paper1,paper1:table_xxxiv,B1,GD-SH,shroud_region_distribution,pipeline_strain_X3,0.88,percent,0.4064,0.021,9.0,0.04515555555555555,85,100,Ph2,X2,0.10588235294117647,1.1764705882352942,X3,,,,,,,,,,,,,,,GD-SH offset/deep-section geometry,10,2.5,2.0,,,,4.064,1.016,0.8128,0.45155555555555554,0.11288888888888889,2.0,single_roller_contact,edikb:p1_b1_sh_region_01;edikb:p1_b1_sh_v_01;edikb:p1_cross_position_governs_01,medium,"Paper 1 values are relative parametric evidence, not direct final code-compliance values.",,,,,,,,,,,,,,,,,,,,,,,,,,,,,,,,,,,,,,,,,,,,,,,,,,,,,,,,,,,,,,,,,,,
EDIKB_FULL_ML_DATASET_v0_2.csv,from_full,paper1_inline_behaviour,EDIKB_PAPER1_ML_DATASET_v0_2.csv,paper1:row_sh_region_v20_x4,paper1,paper1:table_xxxiv,B1,GD-SH,shroud_region_distribution,pipeline_strain_X4,0.58,percent,0.4064,0.021,9.0,0.04515555555555555,85,100,Ph2,X2,0.10588235294117647,1.1764705882352942,X4,,,,,,,,,,,,,,,GD-SH offset/deep-section geometry,10,2.5,2.0,,,,4.064,1.016,0.8128,0.45155555555555554,0.11288888888888889,2.0,single_roller_contact,edikb:p1_b1_sh_region_01;edikb:p1_b1_sh_v_01;edikb:p1_cross_position_governs_01,medium,"Paper 1 values are relative parametric evidence, not direct final code-compliance values.",,,,,,,,,,,,,,,,,,,,,,,,,,,,,,,,,,,,,,,,,,,,,,,,,,,,,,,,,,,,,,,,,,,
EDIKB_FULL_ML_DATASET_v0_2.csv,from_full,paper1_inline_behaviour,EDIKB_PAPER1_ML_DATASET_v0_2.csv,paper1:row_sh_region_v25_x2,paper1,paper1:table_xxxiv,B1,GD-SH,shroud_region_distribution,pipeline_strain_X2,1.51,percent,0.4064,0.021,9.0,0.04515555555555555,85,100,Ph2,X2,0.10588235294117647,1.1764705882352942,X2,,,,,,,,,,,,,,,GD-SH offset/deep-section geometry,10,2.5,2.5,,,,4.064,1.016,1.016,0.45155555555555554,0.11288888888888889,2.5,single_roller_contact,edikb:p1_b1_sh_region_01;edikb:p1_b1_sh_v_01;edikb:p1_cross_position_governs_01,medium,"Paper 1 values are relative parametric evidence, not direct final code-compliance values.",,,,,,,,,,,,,,,,,,,,,,,,,,,,,,,,,,,,,,,,,,,,,,,,,,,,,,,,,,,,,,,,,,,
EDIKB_FULL_ML_DATASET_v0_2.csv,from_full,paper1_inline_behaviour,EDIKB_PAPER1_ML_DATASET_v0_2.csv,paper1:row_sh_region_v25_x3,paper1,paper1:table_xxxiv,B1,GD-SH,shroud_region_distribution,pipeline_strain_X3,1.07,percent,0.4064,0.021,9.0,0.04515555555555555,85,100,Ph2,X2,0.10588235294117647,1.1764705882352942,X3,,,,,,,,,,,,,,,GD-SH offset/deep-section geometry,10,2.5,2.5,,,,4.064,1.016,1.016,0.45155555555555554,0.11288888888888889,2.5,single_roller_contact,edikb:p1_b1_sh_region_01;edikb:p1_b1_sh_v_01;edikb:p1_cross_position_governs_01,medium,"Paper 1 values are relative parametric evidence, not direct final code-compliance values.",,,,,,,,,,,,,,,,,,,,,,,,,,,,,,,,,,,,,,,,,,,,,,,,,,,,,,,,,,,,,,,,,,,
EDIKB_FULL_ML_DATASET_v0_2.csv,from_full,paper1_inline_behaviour,EDIKB_PAPER1_ML_DATASET_v0_2.csv,paper1:row_sh_region_v25_x4,paper1,paper1:table_xxxiv,B1,GD-SH,shroud_region_distribution,pipeline_strain_X4,0.62,percent,0.4064,0.021,9.0,0.04515555555555555,85,100,Ph2,X2,0.10588235294117647,1.1764705882352942,X4,,,,,,,,,,,,,,,GD-SH offset/deep-section geometry,10,2.5,2.5,,,,4.064,1.016,1.016,0.45155555555555554,0.11288888888888889,2.5,single_roller_contact,edikb:p1_b1_sh_region_01;edikb:p1_b1_sh_v_01;edikb:p1_cross_position_governs_01,medium,"Paper 1 values are relative parametric evidence, not direct final code-compliance values.",,,,,,,,,,,,,,,,,,,,,,,,,,,,,,,,,,,,,,,,,,,,,,,,,,,,,,,,,,,,,,,,,,,
EDIKB_FULL_ML_DATASET_v0_2.csv,from_full,paper1_inline_behaviour,EDIKB_PAPER1_ML_DATASET_v0_2.csv,paper1:row_sh_region_v30_x2,paper1,paper1:table_xxxiv,B1,GD-SH,shroud_region_distribution,pipeline_strain_X2,1.8,percent,0.4064,0.021,9.0,0.04515555555555555,85,100,Ph2,X2,0.10588235294117647,1.1764705882352942,X2,,,,,,,,,,,,,,,GD-SH offset/deep-section geometry,10,2.5,3.0,,,,4.064,1.016,1.2191999999999998,0.45155555555555554,0.11288888888888889,3.0,single_roller_contact,edikb:p1_b1_sh_region_01;edikb:p1_b1_sh_v_01;edikb:p1_cross_position_governs_01,medium,"Paper 1 values are relative parametric evidence, not direct final code-compliance values.",,,,,,,,,,,,,,,,,,,,,,,,,,,,,,,,,,,,,,,,,,,,,,,,,,,,,,,,,,,,,,,,,,,
EDIKB_FULL_ML_DATASET_v0_2.csv,from_full,paper1_inline_behaviour,EDIKB_PAPER1_ML_DATASET_v0_2.csv,paper1:row_sh_region_v30_x3,paper1,paper1:table_xxxiv,B1,GD-SH,shroud_region_distribution,pipeline_strain_X3,1.2,percent,0.4064,0.021,9.0,0.04515555555555555,85,100,Ph2,X2,0.10588235294117647,1.1764705882352942,X3,,,,,,,,,,,,,,,GD-SH offset/deep-section geometry,10,2.5,3.0,,,,4.064,1.016,1.2191999999999998,0.45155555555555554,0.11288888888888889,3.0,single_roller_contact,edikb:p1_b1_sh_region_01;edikb:p1_b1_sh_v_01;edikb:p1_cross_position_governs_01,medium,"Paper 1 values are relative parametric evidence, not direct final code-compliance values.",,,,,,,,,,,,,,,,,,,,,,,,,,,,,,,,,,,,,,,,,,,,,,,,,,,,,,,,,,,,,,,,,,,
EDIKB_FULL_ML_DATASET_v0_2.csv,from_full,paper1_inline_behaviour,EDIKB_PAPER1_ML_DATASET_v0_2.csv,paper1:row_sh_region_v30_x4,paper1,paper1:table_xxxiv,B1,GD-SH,shroud_region_distribution,pipeline_strain_X4,0.67,percent,0.4064,0.021,9.0,0.04515555555555555,85,100,Ph2,X2,0.10588235294117647,1.1764705882352942,X4,,,,,,,,,,,,,,,GD-SH offset/deep-section geometry,10,2.5,3.0,,,,4.064,1.016,1.2191999999999998,0.45155555555555554,0.11288888888888889,3.0,single_roller_contact,edikb:p1_b1_sh_region_01;edikb:p1_b1_sh_v_01;edikb:p1_cross_position_governs_01,medium,"Paper 1 values are relative parametric evidence, not direct final code-compliance values.",,,,,,,,,,,,,,,,,,,,,,,,,,,,,,,,,,,,,,,,,,,,,,,,,,,,,,,,,,,,,,,,,,,
EDIKB_FULL_ML_DATASET_v0_2.csv,from_full,paper1_inline_behaviour,EDIKB_PAPER1_ML_DATASET_v0_2.csv,paper1:row_tp_len_bm_b1_r70,paper1,paper1:table_xxiv,A1,GD-TP,component_length,peak_component_bending_moment,1384,kNm,0.4064,0.021,9.0,0.04515555555555555,70,100,,component_midspan_roller_below_midspan,0.12857142857142856,1.4285714285714286,component_body_midspan,65,3.1,2.5,1.016,0.11288888888888889,,,,,,,,,2.222932158695554,,,,,,,,,,,,,,,edikb:p1_a1_tp_bm_diverge_01;edikb:p1_a1_tp_peakloc_01,medium,,,,,,,,,,,,,,,,,,,,,,,,,,,,,,,,,,,,,,,,,,,,,,,,,,,,,,,,,,,,,,,,,,,,
EDIKB_FULL_ML_DATASET_v0_2.csv,from_full,paper1_inline_behaviour,EDIKB_PAPER1_ML_DATASET_v0_2.csv,paper1:row_tp_len_bm_b2_r70,paper1,paper1:table_xxiv,A1,GD-TP,component_length,peak_component_bending_moment,1650,kNm,0.4064,0.021,9.0,0.04515555555555555,70,100,,component_midspan_roller_below_midspan,0.12857142857142856,1.4285714285714286,component_body_midspan,65,3.1,10,4.064,0.45155555555555554,,,,,,,,,2.222932158695554,,,,,,,,,,,,,,,edikb:p1_a1_tp_bm_diverge_01;edikb:p1_a1_tp_peakloc_01,medium,,,,,,,,,,,,,,,,,,,,,,,,,,,,,,,,,,,,,,,,,,,,,,,,,,,,,,,,,,,,,,,,,,,,
EDIKB_FULL_ML_DATASET_v0_2.csv,from_full,paper1_inline_behaviour,EDIKB_PAPER1_ML_DATASET_v0_2.csv,paper1:row_tp_len_bm_b2_r85,paper1,paper1:table_xxiv,A1,GD-TP,component_length,peak_component_bending_moment,1581,kNm,0.4064,0.021,9.0,0.04515555555555555,85,100,,component_midspan_roller_below_midspan,0.10588235294117647,1.1764705882352942,component_body_midspan,53,2.5,10,4.064,0.45155555555555554,,,,,,,,,1.9837788976856394,,,,,,,,,,,,,,,edikb:p1_a1_tp_bm_diverge_01;edikb:p1_a1_tp_peakloc_01,medium,,,,,,,,,,,,,,,,,,,,,,,,,,,,,,,,,,,,,,,,,,,,,,,,,,,,,,,,,,,,,,,,,,,,
EDIKB_FULL_ML_DATASET_v0_2.csv,from_full,paper1_inline_behaviour,EDIKB_PAPER1_ML_DATASET_v0_2.csv,paper1:row_tp_len_bm_b3_r70,paper1,paper1:table_xxiv,A1,GD-TP,component_length,peak_component_bending_moment,2223,kNm,0.4064,0.021,9.0,0.04515555555555555,70,100,,component_midspan_roller_below_midspan,0.12857142857142856,1.4285714285714286,component_body_midspan,65,3.1,20,8.128,0.9031111111111111,,,,,,,,,2.222932158695554,,,,,,,,,,,,,,,edikb:p1_a1_tp_bm_diverge_01;edikb:p1_a1_tp_peakloc_01,medium,,,,,,,,,,,,,,,,,,,,,,,,,,,,,,,,,,,,,,,,,,,,,,,,,,,,,,,,,,,,,,,,,,,,
EDIKB_FULL_ML_DATASET_v0_2.csv,from_full,paper1_inline_behaviour,EDIKB_PAPER1_ML_DATASET_v0_2.csv,paper1:row_tp_len_bm_b3_r85,paper1,paper1:table_xxiv,A1,GD-TP,component_length,peak_component_bending_moment,1977,kNm,0.4064,0.021,9.0,0.04515555555555555,85,100,,component_midspan_roller_below_midspan,0.10588235294117647,1.1764705882352942,component_body_midspan,53,2.5,20,8.128,0.9031111111111111,,,,,,,,,1.9837788976856394,,,,,,,,,,,,,,,edikb:p1_a1_tp_bm_diverge_01;edikb:p1_a1_tp_peakloc_01,medium,,,,,,,,,,,,,,,,,,,,,,,,,,,,,,,,,,,,,,,,,,,,,,,,,,,,,,,,,,,,,,,,,,,,
EDIKB_FULL_ML_DATASET_v0_2.csv,from_full,paper1_inline_behaviour,EDIKB_PAPER1_ML_DATASET_v0_2.csv,paper1:row_tp_len_bm_b4_r85,paper1,paper1:table_xxiv,A1,GD-TP,component_length,peak_component_bending_moment,2883,kNm,0.4064,0.021,9.0,0.04515555555555555,85,100,,component_midspan_roller_below_midspan,0.10588235294117647,1.1764705882352942,component_body_midspan,53,2.5,40,16.256,1.8062222222222222,,,,,,,,,1.9837788976856394,,,,,,,,,,,,,,,edikb:p1_a1_tp_bm_diverge_01;edikb:p1_a1_tp_peakloc_01,medium,,,,,,,,,,,,,,,,,,,,,,,,,,,,,,,,,,,,,,,,,,,,,,,,,,,,,,,,,,,,,,,,,,,,
EDIKB_FULL_ML_DATASET_v0_2.csv,from_full,paper1_inline_behaviour,EDIKB_PAPER1_ML_DATASET_v0_2.csv,paper1:row_tp_len_strain_b1_r70,paper1,paper1:table_xxiii,A1,GD-TP,component_length,peak_pipeline_strain,0.78,percent,0.4064,0.021,9.0,0.04515555555555555,70,100,Ph1,pipe_component_junction_or_sr2,0.12857142857142856,1.4285714285714286,adjacent_pipe_junction,65,3.1,2.5,1.016,0.11288888888888889,,,,,,,,,2.222932158695554,,,,,,,,,,,,,,,edikb:p1_a1_tp_length_01;edikb:p1_a1_tp_peakloc_01,medium,,,,,,,,,,,,,,,,,,,,,,,,,,,,,,,,,,,,,,,,,,,,,,,,,,,,,,,,,,,,,,,,,,,,
EDIKB_FULL_ML_DATASET_v0_2.csv,from_full,paper1_inline_behaviour,EDIKB_PAPER1_ML_DATASET_v0_2.csv,paper1:row_tp_len_strain_b2_r70,paper1,paper1:table_xxiii,A1,GD-TP,component_length,peak_pipeline_strain,1.499,percent,0.4064,0.021,9.0,0.04515555555555555,70,100,Ph1,pipe_component_junction_or_sr2,0.12857142857142856,1.4285714285714286,adjacent_pipe_junction,65,3.1,10,4.064,0.45155555555555554,,,,,,,,,2.222932158695554,,,,,,,,,,,,,,,edikb:p1_a1_tp_length_01;edikb:p1_a1_tp_peakloc_01,medium,,,,,,,,,,,,,,,,,,,,,,,,,,,,,,,,,,,,,,,,,,,,,,,,,,,,,,,,,,,,,,,,,,,,
EDIKB_FULL_ML_DATASET_v0_2.csv,from_full,paper1_inline_behaviour,EDIKB_PAPER1_ML_DATASET_v0_2.csv,paper1:row_tp_len_strain_b2_r85,paper1,paper1:table_xxiii,A1,GD-TP,component_length,peak_pipeline_strain,1.104,percent,0.4064,0.021,9.0,0.04515555555555555,85,100,Ph1,pipe_component_junction_or_sr2,0.10588235294117647,1.1764705882352942,adjacent_pipe_junction,53,2.5,10,4.064,0.45155555555555554,,,,,,,,,1.9837788976856394,,,,,,,,,,,,,,,edikb:p1_a1_tp_length_01;edikb:p1_a1_tp_peakloc_01,medium,,,,,,,,,,,,,,,,,,,,,,,,,,,,,,,,,,,,,,,,,,,,,,,,,,,,,,,,,,,,,,,,,,,,
EDIKB_FULL_ML_DATASET_v0_2.csv,from_full,paper1_inline_behaviour,EDIKB_PAPER1_ML_DATASET_v0_2.csv,paper1:row_tp_len_strain_b3_r70,paper1,paper1:table_xxiii,A1,GD-TP,component_length,peak_pipeline_strain,2.514,percent,0.4064,0.021,9.0,0.04515555555555555,70,100,Ph1,pipe_component_junction_or_sr2,0.12857142857142856,1.4285714285714286,adjacent_pipe_junction,65,3.1,20,8.128,0.9031111111111111,,,,,,,,,2.222932158695554,,,,,,,,,,,,,,,edikb:p1_a1_tp_length_01;edikb:p1_a1_tp_peakloc_01,medium,,,,,,,,,,,,,,,,,,,,,,,,,,,,,,,,,,,,,,,,,,,,,,,,,,,,,,,,,,,,,,,,,,,,
EDIKB_FULL_ML_DATASET_v0_2.csv,from_full,paper1_inline_behaviour,EDIKB_PAPER1_ML_DATASET_v0_2.csv,paper1:row_tp_len_strain_b3_r85,paper1,paper1:table_xxiii,A1,GD-TP,component_length,peak_pipeline_strain,1.861,percent,0.4064,0.021,9.0,0.04515555555555555,85,100,Ph1,pipe_component_junction_or_sr2,0.10588235294117647,1.1764705882352942,adjacent_pipe_junction,53,2.5,20,8.128,0.9031111111111111,,,,,,,,,1.9837788976856394,,,,,,,,,,,,,,,edikb:p1_a1_tp_length_01;edikb:p1_a1_tp_peakloc_01,medium,,,,,,,,,,,,,,,,,,,,,,,,,,,,,,,,,,,,,,,,,,,,,,,,,,,,,,,,,,,,,,,,,,,,
EDIKB_FULL_ML_DATASET_v0_2.csv,from_full,paper1_inline_behaviour,EDIKB_PAPER1_ML_DATASET_v0_2.csv,paper1:row_tp_len_strain_b4_r85,paper1,paper1:table_xxiii,A1,GD-TP,component_length,peak_pipeline_strain,1.914,percent,0.4064,0.021,9.0,0.04515555555555555,85,100,Ph1,pipe_component_junction_or_sr2,0.10588235294117647,1.1764705882352942,adjacent_pipe_junction,53,2.5,40,16.256,1.8062222222222222,,,,,,,,,1.9837788976856394,,,,,,,,,,,,,,,edikb:p1_a1_tp_length_01;edikb:p1_a1_tp_peakloc_01,medium,,,,,,,,,,,,,,,,,,,,,,,,,,,,,,,,,,,,,,,,,,,,,,,,,,,,,,,,,,,,,,,,,,,,
EDIKB_FULL_ML_DATASET_v0_2.csv,from_full,paper1_inline_behaviour,EDIKB_PAPER1_ML_DATASET_v0_2.csv,paper1:row_tp_spacing_c1,paper1,paper1:table_xxvi,A1,GD-TP_pair,two_component_spacing,peak_pipeline_strain,0.771,percent,0.4064,0.021,9.0,0.04515555555555555,70,100,,,0.12857142857142856,1.4285714285714286,,65,3.1,2.5,1.0,0.1111111111111111,,,,,,,,,2.222932158695554,,,,,,,,,,,,,,,edikb:p1_a1_tp_spacing_01,low,Table XXV and Table XXVI present setup differently; preserve for author review.,,,,,,,,,,,,,,,,,,,,,,,,,,,,,,,,,,,,,,,,,,,,,,,,,,,,,,,,,,,,,,,,,,,
EDIKB_FULL_ML_DATASET_v0_2.csv,from_full,paper1_inline_behaviour,EDIKB_PAPER1_ML_DATASET_v0_2.csv,paper1:row_tp_spacing_c1_bm,paper1,paper1:table_xxvi,A1,GD-TP_pair,two_component_spacing,peak_component_bending_moment,1384,kNm,0.4064,0.021,9.0,0.04515555555555555,70,100,,,0.12857142857142856,1.4285714285714286,,65,3.1,2.5,1.0,0.1111111111111111,,,,,,,,,2.222932158695554,,,,,,,,,,,,,,,edikb:p1_a1_tp_spacing_01,low,Table XXV and Table XXVI present setup differently; preserve for author review.,,,,,,,,,,,,,,,,,,,,,,,,,,,,,,,,,,,,,,,,,,,,,,,,,,,,,,,,,,,,,,,,,,,
EDIKB_FULL_ML_DATASET_v0_2.csv,from_full,paper1_inline_behaviour,EDIKB_PAPER1_ML_DATASET_v0_2.csv,paper1:row_tp_spacing_c2,paper1,paper1:table_xxvi,A1,GD-TP_pair,two_component_spacing,peak_pipeline_strain,0.76,percent,0.4064,0.021,9.0,0.04515555555555555,70,100,,,0.12857142857142856,1.4285714285714286,,65,3.1,2.5,1.0,0.1111111111111111,,,,,,,,,2.222932158695554,,,,,,,,,,,,,,,edikb:p1_a1_tp_spacing_01,low,Table XXV and Table XXVI present setup differently; preserve for author review.,,,,,,,,,,,,,,,,,,,,,,,,,,,,,,,,,,,,,,,,,,,,,,,,,,,,,,,,,,,,,,,,,,,
EDIKB_FULL_ML_DATASET_v0_2.csv,from_full,paper1_inline_behaviour,EDIKB_PAPER1_ML_DATASET_v0_2.csv,paper1:row_tp_spacing_c2_bm,paper1,paper1:table_xxvi,A1,GD-TP_pair,two_component_spacing,peak_component_bending_moment,1371,kNm,0.4064,0.021,9.0,0.04515555555555555,70,100,,,0.12857142857142856,1.4285714285714286,,65,3.1,2.5,1.0,0.1111111111111111,,,,,,,,,2.222932158695554,,,,,,,,,,,,,,,edikb:p1_a1_tp_spacing_01,low,Table XXV and Table XXVI present setup differently; preserve for author review.,,,,,,,,,,,,,,,,,,,,,,,,,,,,,,,,,,,,,,,,,,,,,,,,,,,,,,,,,,,,,,,,,,,
EDIKB_FULL_ML_DATASET_v0_2.csv,from_full,paper1_inline_behaviour,EDIKB_PAPER1_ML_DATASET_v0_2.csv,paper1:row_tp_spacing_c3,paper1,paper1:table_xxvi,A1,GD-TP_pair,two_component_spacing,peak_pipeline_strain,0.751,percent,0.4064,0.021,9.0,0.04515555555555555,70,100,,,0.12857142857142856,1.4285714285714286,,65,3.1,2.5,1.0,0.1111111111111111,,,,,,,,,2.222932158695554,,,,,,,,,,,,,,,edikb:p1_a1_tp_spacing_01,low,Table XXV and Table XXVI present setup differently; preserve for author review.,,,,,,,,,,,,,,,,,,,,,,,,,,,,,,,,,,,,,,,,,,,,,,,,,,,,,,,,,,,,,,,,,,,
EDIKB_FULL_ML_DATASET_v0_2.csv,from_full,paper1_inline_behaviour,EDIKB_PAPER1_ML_DATASET_v0_2.csv,paper1:row_tp_spacing_c3_bm,paper1,paper1:table_xxvi,A1,GD-TP_pair,two_component_spacing,peak_component_bending_moment,1365,kNm,0.4064,0.021,9.0,0.04515555555555555,70,100,,,0.12857142857142856,1.4285714285714286,,65,3.1,2.5,1.0,0.1111111111111111,,,,,,,,,2.222932158695554,,,,,,,,,,,,,,,edikb:p1_a1_tp_spacing_01,low,Table XXV and Table XXVI present setup differently; preserve for author review.,,,,,,,,,,,,,,,,,,,,,,,,,,,,,,,,,,,,,,,,,,,,,,,,,,,,,,,,,,,,,,,,,,,
EDIKB_FULL_ML_DATASET_v0_2.csv,from_full,paper1_inline_behaviour,EDIKB_PAPER1_ML_DATASET_v0_2.csv,paper1:row_tp_wt_bm_a1_r100,paper1,paper1:table_xxi,A1,GD-TP,wall_thickness,peak_component_bending_moment,1131,kNm,0.4064,0.021,9.0,0.04515555555555555,100,100,,near_component_midspan,0.09,1.0,component_body_midspan,32,1.5,2.5,1.0,0.1111111111111111,,,,,,,,,1.4030611398111188,,,,,,,,,,,,,,,edikb:p1_a1_tp_peakloc_01,medium,,,,,,,,,,,,,,,,,,,,,,,,,,,,,,,,,,,,,,,,,,,,,,,,,,,,,,,,,,,,,,,,,,,,
EDIKB_FULL_ML_DATASET_v0_2.csv,from_full,paper1_inline_behaviour,EDIKB_PAPER1_ML_DATASET_v0_2.csv,paper1:row_tp_wt_bm_a1_r70,paper1,paper1:table_xxi,A1,GD-TP,wall_thickness,peak_component_bending_moment,1311,kNm,0.4064,0.021,9.0,0.04515555555555555,70,100,,near_component_midspan,0.12857142857142856,1.4285714285714286,component_body_midspan,32,1.5,2.5,1.0,0.1111111111111111,,,,,,,,,1.4030611398111188,,,,,,,,,,,,,,,edikb:p1_a1_tp_peakloc_01,medium,,,,,,,,,,,,,,,,,,,,,,,,,,,,,,,,,,,,,,,,,,,,,,,,,,,,,,,,,,,,,,,,,,,,
EDIKB_FULL_ML_DATASET_v0_2.csv,from_full,paper1_inline_behaviour,EDIKB_PAPER1_ML_DATASET_v0_2.csv,paper1:row_tp_wt_bm_a1_r85,paper1,paper1:table_xxi,A1,GD-TP,wall_thickness,peak_component_bending_moment,1251,kNm,0.4064,0.021,9.0,0.04515555555555555,85,100,,near_component_midspan,0.10588235294117647,1.1764705882352942,component_body_midspan,32,1.5,2.5,1.0,0.1111111111111111,,,,,,,,,1.4030611398111188,,,,,,,,,,,,,,,edikb:p1_a1_tp_peakloc_01,medium,,,,,,,,,,,,,,,,,,,,,,,,,,,,,,,,,,,,,,,,,,,,,,,,,,,,,,,,,,,,,,,,,,,,
EDIKB_FULL_ML_DATASET_v0_2.csv,from_full,paper1_inline_behaviour,EDIKB_PAPER1_ML_DATASET_v0_2.csv,paper1:row_tp_wt_bm_a2_r100,paper1,paper1:table_xxi,A1,GD-TP,wall_thickness,peak_component_bending_moment,1144,kNm,0.4064,0.021,9.0,0.04515555555555555,100,100,,near_component_midspan,0.09,1.0,component_body_midspan,42,2.0,2.5,1.0,0.1111111111111111,,,,,,,,,1.7079446811676953,,,,,,,,,,,,,,,edikb:p1_a1_tp_peakloc_01,medium,,,,,,,,,,,,,,,,,,,,,,,,,,,,,,,,,,,,,,,,,,,,,,,,,,,,,,,,,,,,,,,,,,,,
EDIKB_FULL_ML_DATASET_v0_2.csv,from_full,paper1_inline_behaviour,EDIKB_PAPER1_ML_DATASET_v0_2.csv,paper1:row_tp_wt_bm_a2_r70,paper1,paper1:table_xxi,A1,GD-TP,wall_thickness,peak_component_bending_moment,1347,kNm,0.4064,0.021,9.0,0.04515555555555555,70,100,,near_component_midspan,0.12857142857142856,1.4285714285714286,component_body_midspan,42,2.0,2.5,1.0,0.1111111111111111,,,,,,,,,1.7079446811676953,,,,,,,,,,,,,,,edikb:p1_a1_tp_peakloc_01,medium,,,,,,,,,,,,,,,,,,,,,,,,,,,,,,,,,,,,,,,,,,,,,,,,,,,,,,,,,,,,,,,,,,,,
EDIKB_FULL_ML_DATASET_v0_2.csv,from_full,paper1_inline_behaviour,EDIKB_PAPER1_ML_DATASET_v0_2.csv,paper1:row_tp_wt_bm_a2_r85,paper1,paper1:table_xxi,A1,GD-TP,wall_thickness,peak_component_bending_moment,1288,kNm,0.4064,0.021,9.0,0.04515555555555555,85,100,,near_component_midspan,0.10588235294117647,1.1764705882352942,component_body_midspan,42,2.0,2.5,1.0,0.1111111111111111,,,,,,,,,1.7079446811676953,,,,,,,,,,,,,,,edikb:p1_a1_tp_peakloc_01,medium,,,,,,,,,,,,,,,,,,,,,,,,,,,,,,,,,,,,,,,,,,,,,,,,,,,,,,,,,,,,,,,,,,,,
EDIKB_FULL_ML_DATASET_v0_2.csv,from_full,paper1_inline_behaviour,EDIKB_PAPER1_ML_DATASET_v0_2.csv,paper1:row_tp_wt_bm_a3_r100,paper1,paper1:table_xxi,A1,GD-TP,wall_thickness,peak_component_bending_moment,1150,kNm,0.4064,0.021,9.0,0.04515555555555555,100,100,,near_component_midspan,0.09,1.0,component_body_midspan,53,2.5,2.5,1.0,0.1111111111111111,,,,,,,,,1.9837788976856394,,,,,,,,,,,,,,,edikb:p1_a1_tp_peakloc_01,medium,,,,,,,,,,,,,,,,,,,,,,,,,,,,,,,,,,,,,,,,,,,,,,,,,,,,,,,,,,,,,,,,,,,,
EDIKB_FULL_ML_DATASET_v0_2.csv,from_full,paper1_inline_behaviour,EDIKB_PAPER1_ML_DATASET_v0_2.csv,paper1:row_tp_wt_bm_a3_r70,paper1,paper1:table_xxi,A1,GD-TP,wall_thickness,peak_component_bending_moment,1366,kNm,0.4064,0.021,9.0,0.04515555555555555,70,100,,near_component_midspan,0.12857142857142856,1.4285714285714286,component_body_midspan,53,2.5,2.5,1.0,0.1111111111111111,,,,,,,,,1.9837788976856394,,,,,,,,,,,,,,,edikb:p1_a1_tp_peakloc_01,medium,,,,,,,,,,,,,,,,,,,,,,,,,,,,,,,,,,,,,,,,,,,,,,,,,,,,,,,,,,,,,,,,,,,,
EDIKB_FULL_ML_DATASET_v0_2.csv,from_full,paper1_inline_behaviour,EDIKB_PAPER1_ML_DATASET_v0_2.csv,paper1:row_tp_wt_bm_a3_r85,paper1,paper1:table_xxi,A1,GD-TP,wall_thickness,peak_component_bending_moment,1311,kNm,0.4064,0.021,9.0,0.04515555555555555,85,100,,near_component_midspan,0.10588235294117647,1.1764705882352942,component_body_midspan,53,2.5,2.5,1.0,0.1111111111111111,,,,,,,,,1.9837788976856394,,,,,,,,,,,,,,,edikb:p1_a1_tp_peakloc_01,medium,,,,,,,,,,,,,,,,,,,,,,,,,,,,,,,,,,,,,,,,,,,,,,,,,,,,,,,,,,,,,,,,,,,,
EDIKB_FULL_ML_DATASET_v0_2.csv,from_full,paper1_inline_behaviour,EDIKB_PAPER1_ML_DATASET_v0_2.csv,paper1:row_tp_wt_strain_a1_r100,paper1,paper1:table_xx,A1,GD-TP,wall_thickness,peak_pipeline_strain,0.339,percent,0.4064,0.021,9.0,0.04515555555555555,100,100,Ph1,pipe_to_component_junction_sr2,0.09,1.0,adjacent_pipe_junction,32,1.5,2.5,1.0,0.1111111111111111,,,,,,,,,1.4030611398111188,,,,,,,,,,,,,,,edikb:p1_a1_tp_wt_01;edikb:p1_a1_tp_peakloc_01,medium,,,,,,,,,,,,,,,,,,,,,,,,,,,,,,,,,,,,,,,,,,,,,,,,,,,,,,,,,,,,,,,,,,,,
EDIKB_FULL_ML_DATASET_v0_2.csv,from_full,paper1_inline_behaviour,EDIKB_PAPER1_ML_DATASET_v0_2.csv,paper1:row_tp_wt_strain_a1_r70,paper1,paper1:table_xx,A1,GD-TP,wall_thickness,peak_pipeline_strain,0.562,percent,0.4064,0.021,9.0,0.04515555555555555,70,100,Ph1,pipe_to_component_junction_sr2,0.12857142857142856,1.4285714285714286,adjacent_pipe_junction,32,1.5,2.5,1.0,0.1111111111111111,,,,,,,,,1.4030611398111188,,,,,,,,,,,,,,,edikb:p1_a1_tp_wt_01;edikb:p1_a1_tp_peakloc_01,medium,,,,,,,,,,,,,,,,,,,,,,,,,,,,,,,,,,,,,,,,,,,,,,,,,,,,,,,,,,,,,,,,,,,,
EDIKB_FULL_ML_DATASET_v0_2.csv,from_full,paper1_inline_behaviour,EDIKB_PAPER1_ML_DATASET_v0_2.csv,paper1:row_tp_wt_strain_a1_r85,paper1,paper1:table_xx,A1,GD-TP,wall_thickness,peak_pipeline_strain,0.473,percent,0.4064,0.021,9.0,0.04515555555555555,85,100,Ph1,pipe_to_component_junction_sr2,0.10588235294117647,1.1764705882352942,adjacent_pipe_junction,32,1.5,2.5,1.0,0.1111111111111111,,,,,,,,,1.4030611398111188,,,,,,,,,,,,,,,edikb:p1_a1_tp_wt_01;edikb:p1_a1_tp_peakloc_01,medium,,,,,,,,,,,,,,,,,,,,,,,,,,,,,,,,,,,,,,,,,,,,,,,,,,,,,,,,,,,,,,,,,,,,
EDIKB_FULL_ML_DATASET_v0_2.csv,from_full,paper1_inline_behaviour,EDIKB_PAPER1_ML_DATASET_v0_2.csv,paper1:row_tp_wt_strain_a2_r100,paper1,paper1:table_xx,A1,GD-TP,wall_thickness,peak_pipeline_strain,0.358,percent,0.4064,0.021,9.0,0.04515555555555555,100,100,Ph1,pipe_to_component_junction_sr2,0.09,1.0,adjacent_pipe_junction,42,2.0,2.5,1.0,0.1111111111111111,,,,,,,,,1.7079446811676953,,,,,,,,,,,,,,,edikb:p1_a1_tp_wt_01;edikb:p1_a1_tp_peakloc_01,medium,,,,,,,,,,,,,,,,,,,,,,,,,,,,,,,,,,,,,,,,,,,,,,,,,,,,,,,,,,,,,,,,,,,,
EDIKB_FULL_ML_DATASET_v0_2.csv,from_full,paper1_inline_behaviour,EDIKB_PAPER1_ML_DATASET_v0_2.csv,paper1:row_tp_wt_strain_a2_r70,paper1,paper1:table_xx,A1,GD-TP,wall_thickness,peak_pipeline_strain,0.647,percent,0.4064,0.021,9.0,0.04515555555555555,70,100,Ph1,pipe_to_component_junction_sr2,0.12857142857142856,1.4285714285714286,adjacent_pipe_junction,42,2.0,2.5,1.0,0.1111111111111111,,,,,,,,,1.7079446811676953,,,,,,,,,,,,,,,edikb:p1_a1_tp_wt_01;edikb:p1_a1_tp_peakloc_01,medium,,,,,,,,,,,,,,,,,,,,,,,,,,,,,,,,,,,,,,,,,,,,,,,,,,,,,,,,,,,,,,,,,,,,
EDIKB_FULL_ML_DATASET_v0_2.csv,from_full,paper1_inline_behaviour,EDIKB_PAPER1_ML_DATASET_v0_2.csv,paper1:row_tp_wt_strain_a2_r85,paper1,paper1:table_xx,A1,GD-TP,wall_thickness,peak_pipeline_strain,0.508,percent,0.4064,0.021,9.0,0.04515555555555555,85,100,Ph1,pipe_to_component_junction_sr2,0.10588235294117647,1.1764705882352942,adjacent_pipe_junction,42,2.0,2.5,1.0,0.1111111111111111,,,,,,,,,1.7079446811676953,,,,,,,,,,,,,,,edikb:p1_a1_tp_wt_01;edikb:p1_a1_tp_peakloc_01,medium,,,,,,,,,,,,,,,,,,,,,,,,,,,,,,,,,,,,,,,,,,,,,,,,,,,,,,,,,,,,,,,,,,,,
EDIKB_FULL_ML_DATASET_v0_2.csv,from_full,paper1_inline_behaviour,EDIKB_PAPER1_ML_DATASET_v0_2.csv,paper1:row_tp_wt_strain_a3_r100,paper1,paper1:table_xx,A1,GD-TP,wall_thickness,peak_pipeline_strain,0.425,percent,0.4064,0.021,9.0,0.04515555555555555,100,100,Ph1,pipe_to_component_junction_sr2,0.09,1.0,adjacent_pipe_junction,53,2.5,2.5,1.0,0.1111111111111111,,,,,,,,,1.9837788976856394,,,,,,,,,,,,,,,edikb:p1_a1_tp_wt_01;edikb:p1_a1_tp_peakloc_01,medium,,,,,,,,,,,,,,,,,,,,,,,,,,,,,,,,,,,,,,,,,,,,,,,,,,,,,,,,,,,,,,,,,,,,
EDIKB_FULL_ML_DATASET_v0_2.csv,from_full,paper1_inline_behaviour,EDIKB_PAPER1_ML_DATASET_v0_2.csv,paper1:row_tp_wt_strain_a3_r70,paper1,paper1:table_xx,A1,GD-TP,wall_thickness,peak_pipeline_strain,0.727,percent,0.4064,0.021,9.0,0.04515555555555555,70,100,Ph1,pipe_to_component_junction_sr2,0.12857142857142856,1.4285714285714286,adjacent_pipe_junction,53,2.5,2.5,1.0,0.1111111111111111,,,,,,,,,1.9837788976856394,,,,,,,,,,,,,,,edikb:p1_a1_tp_wt_01;edikb:p1_a1_tp_peakloc_01,medium,,,,,,,,,,,,,,,,,,,,,,,,,,,,,,,,,,,,,,,,,,,,,,,,,,,,,,,,,,,,,,,,,,,,
EDIKB_FULL_ML_DATASET_v0_2.csv,from_full,paper1_inline_behaviour,EDIKB_PAPER1_ML_DATASET_v0_2.csv,paper1:row_tp_wt_strain_a3_r85,paper1,paper1:table_xx,A1,GD-TP,wall_thickness,peak_pipeline_strain,0.556,percent,0.4064,0.021,9.0,0.04515555555555555,85,100,Ph1,pipe_to_component_junction_sr2,0.10588235294117647,1.1764705882352942,adjacent_pipe_junction,53,2.5,2.5,1.0,0.1111111111111111,,,,,,,,,1.9837788976856394,,,,,,,,,,,,,,,edikb:p1_a1_tp_wt_01;edikb:p1_a1_tp_peakloc_01,medium,,,,,,,,,,,,,,,,,,,,,,,,,,,,,,,,,,,,,,,,,,,,,,,,,,,,,,,,,,,,,,,,,,,,
EDIKB_FULL_ML_DATASET_v0_2.csv,from_full,paper1_inline_behaviour,EDIKB_PAPER1_ML_DATASET_v0_2.csv,paper1:row_tt_bm_r100_n16,paper1,paper1:table_xv,A1,GD-TT,taper_ratio,peak_component_bending_moment,1384,kNm,0.4064,0.021,9.0,0.04515555555555555,100,120,,body_of_thick_section,0.09,1.2,component_body,65,3.0952380952380953,2.4606299212598426,1.0,0.1111111111111111,16,1.7,0.6908799999999999,0.2,2.38176,2.78176,0.26464,0.30908444444444444,,,,,,,,,,,,,,,,edikb:p1_a1_tt_bm_01,medium,,,,,,,,,,,,,,,,,,,,,,,,,,,,,,,,,,,,,,,,,,,,,,,,,,,,,,,,,,,,,,,,,,,,
EDIKB_FULL_ML_DATASET_v0_2.csv,from_full,paper1_inline_behaviour,EDIKB_PAPER1_ML_DATASET_v0_2.csv,paper1:row_tt_bm_r100_n4,paper1,paper1:table_xv,A1,GD-TT,taper_ratio,peak_component_bending_moment,1330,kNm,0.4064,0.021,9.0,0.04515555555555555,100,120,,body_of_thick_section,0.09,1.2,component_body,65,3.0952380952380953,2.4606299212598426,1.0,0.1111111111111111,4,0.43,0.174752,0.2,1.349504,1.749504,0.1499448888888889,0.19438933333333333,,,,,,,,,,,,,,,,edikb:p1_a1_tt_bm_01,medium,,,,,,,,,,,,,,,,,,,,,,,,,,,,,,,,,,,,,,,,,,,,,,,,,,,,,,,,,,,,,,,,,,,,
EDIKB_FULL_ML_DATASET_v0_2.csv,from_full,paper1_inline_behaviour,EDIKB_PAPER1_ML_DATASET_v0_2.csv,paper1:row_tt_bm_r100_n64,paper1,paper1:table_xv,A1,GD-TT,taper_ratio,peak_component_bending_moment,1659,kNm,0.4064,0.021,9.0,0.04515555555555555,100,120,,body_of_thick_section,0.09,1.2,component_body,65,3.0952380952380953,2.4606299212598426,1.0,0.1111111111111111,64,6.9,2.80416,0.2,6.60832,7.00832,0.7342577777777778,0.7787022222222223,,,,,,,,,,,,,,,,edikb:p1_a1_tt_bm_01,medium,,,,,,,,,,,,,,,,,,,,,,,,,,,,,,,,,,,,,,,,,,,,,,,,,,,,,,,,,,,,,,,,,,,,
EDIKB_FULL_ML_DATASET_v0_2.csv,from_full,paper1_inline_behaviour,EDIKB_PAPER1_ML_DATASET_v0_2.csv,paper1:row_tt_bm_r70_n16,paper1,paper1:table_xv,A1,GD-TT,taper_ratio,peak_component_bending_moment,1478,kNm,0.4064,0.021,9.0,0.04515555555555555,70,120,,body_of_thick_section,0.12857142857142856,1.7142857142857142,component_body,65,3.0952380952380953,2.4606299212598426,1.0,0.1111111111111111,16,1.7,0.6908799999999999,0.2,2.38176,2.78176,0.26464,0.30908444444444444,,,,,,,,,,,,,,,,edikb:p1_a1_tt_bm_01,medium,,,,,,,,,,,,,,,,,,,,,,,,,,,,,,,,,,,,,,,,,,,,,,,,,,,,,,,,,,,,,,,,,,,,
EDIKB_FULL_ML_DATASET_v0_2.csv,from_full,paper1_inline_behaviour,EDIKB_PAPER1_ML_DATASET_v0_2.csv,paper1:row_tt_bm_r70_n4,paper1,paper1:table_xv,A1,GD-TT,taper_ratio,peak_component_bending_moment,1413,kNm,0.4064,0.021,9.0,0.04515555555555555,70,120,,body_of_thick_section,0.12857142857142856,1.7142857142857142,component_body,65,3.0952380952380953,2.4606299212598426,1.0,0.1111111111111111,4,0.43,0.174752,0.2,1.349504,1.749504,0.1499448888888889,0.19438933333333333,,,,,,,,,,,,,,,,edikb:p1_a1_tt_bm_01,medium,,,,,,,,,,,,,,,,,,,,,,,,,,,,,,,,,,,,,,,,,,,,,,,,,,,,,,,,,,,,,,,,,,,,
EDIKB_FULL_ML_DATASET_v0_2.csv,from_full,paper1_inline_behaviour,EDIKB_PAPER1_ML_DATASET_v0_2.csv,paper1:row_tt_bm_r70_n64,paper1,paper1:table_xv,A1,GD-TT,taper_ratio,peak_component_bending_moment,1720,kNm,0.4064,0.021,9.0,0.04515555555555555,70,120,,body_of_thick_section,0.12857142857142856,1.7142857142857142,component_body,65,3.0952380952380953,2.4606299212598426,1.0,0.1111111111111111,64,6.9,2.80416,0.2,6.60832,7.00832,0.7342577777777778,0.7787022222222223,,,,,,,,,,,,,,,,edikb:p1_a1_tt_bm_01,medium,,,,,,,,,,,,,,,,,,,,,,,,,,,,,,,,,,,,,,,,,,,,,,,,,,,,,,,,,,,,,,,,,,,,
EDIKB_FULL_ML_DATASET_v0_2.csv,from_full,paper1_inline_behaviour,EDIKB_PAPER1_ML_DATASET_v0_2.csv,paper1:row_tt_bm_r85_n16,paper1,paper1:table_xv,A1,GD-TT,taper_ratio,peak_component_bending_moment,1471,kNm,0.4064,0.021,9.0,0.04515555555555555,85,120,,body_of_thick_section,0.10588235294117647,1.411764705882353,component_body,65,3.0952380952380953,2.4606299212598426,1.0,0.1111111111111111,16,1.7,0.6908799999999999,0.2,2.38176,2.78176,0.26464,0.30908444444444444,,,,,,,,,,,,,,,,edikb:p1_a1_tt_bm_01,medium,,,,,,,,,,,,,,,,,,,,,,,,,,,,,,,,,,,,,,,,,,,,,,,,,,,,,,,,,,,,,,,,,,,,
EDIKB_FULL_ML_DATASET_v0_2.csv,from_full,paper1_inline_behaviour,EDIKB_PAPER1_ML_DATASET_v0_2.csv,paper1:row_tt_bm_r85_n4,paper1,paper1:table_xv,A1,GD-TT,taper_ratio,peak_component_bending_moment,1390,kNm,0.4064,0.021,9.0,0.04515555555555555,85,120,,body_of_thick_section,0.10588235294117647,1.411764705882353,component_body,65,3.0952380952380953,2.4606299212598426,1.0,0.1111111111111111,4,0.43,0.174752,0.2,1.349504,1.749504,0.1499448888888889,0.19438933333333333,,,,,,,,,,,,,,,,edikb:p1_a1_tt_bm_01,medium,,,,,,,,,,,,,,,,,,,,,,,,,,,,,,,,,,,,,,,,,,,,,,,,,,,,,,,,,,,,,,,,,,,,
EDIKB_FULL_ML_DATASET_v0_2.csv,from_full,paper1_inline_behaviour,EDIKB_PAPER1_ML_DATASET_v0_2.csv,paper1:row_tt_bm_r85_n64,paper1,paper1:table_xv,A1,GD-TT,taper_ratio,peak_component_bending_moment,1711,kNm,0.4064,0.021,9.0,0.04515555555555555,85,120,,body_of_thick_section,0.10588235294117647,1.411764705882353,component_body,65,3.0952380952380953,2.4606299212598426,1.0,0.1111111111111111,64,6.9,2.80416,0.2,6.60832,7.00832,0.7342577777777778,0.7787022222222223,,,,,,,,,,,,,,,,edikb:p1_a1_tt_bm_01,medium,,,,,,,,,,,,,,,,,,,,,,,,,,,,,,,,,,,,,,,,,,,,,,,,,,,,,,,,,,,,,,,,,,,,
EDIKB_FULL_ML_DATASET_v0_2.csv,from_full,paper1_inline_behaviour,EDIKB_PAPER1_ML_DATASET_v0_2.csv,paper1:row_tt_strain_case_1,paper1,paper1:table_xiv,A1,GD-TT,taper_ratio,peak_pipeline_strain,1.14,percent,0.4064,0.021,9.0,0.04515555555555555,70,120,,straight_pipe_transition_junction,0.12857142857142856,1.7142857142857142,adjacent_straight_pipe,65,3.0952380952380953,2.4606299212598426,1.0,0.1111111111111111,4,0.43,0.174752,0.2,1.349504,1.749504,0.1499448888888889,0.19438933333333333,,,,,,,,,,,,,,,,edikb:p1_a1_tt_peakloc_01;edikb:p1_a1_tt_taper_01,medium,,,,,,,,,,,,,,,,,,,,,,,,,,,,,,,,,,,,,,,,,,,,,,,,,,,,,,,,,,,,,,,,,,,,
EDIKB_FULL_ML_DATASET_v0_2.csv,from_full,paper1_inline_behaviour,EDIKB_PAPER1_ML_DATASET_v0_2.csv,paper1:row_tt_strain_case_2,paper1,paper1:table_xiv,A1,GD-TT,taper_ratio,peak_pipeline_strain,1.19,percent,0.4064,0.021,9.0,0.04515555555555555,70,120,,straight_pipe_transition_junction,0.12857142857142856,1.7142857142857142,adjacent_straight_pipe,65,3.0952380952380953,2.4606299212598426,1.0,0.1111111111111111,16,1.7,0.6908799999999999,0.2,2.38176,2.78176,0.26464,0.30908444444444444,,,,,,,,,,,,,,,,edikb:p1_a1_tt_peakloc_01;edikb:p1_a1_tt_taper_01,medium,,,,,,,,,,,,,,,,,,,,,,,,,,,,,,,,,,,,,,,,,,,,,,,,,,,,,,,,,,,,,,,,,,,,
EDIKB_FULL_ML_DATASET_v0_2.csv,from_full,paper1_inline_behaviour,EDIKB_PAPER1_ML_DATASET_v0_2.csv,paper1:row_tt_strain_case_3,paper1,paper1:table_xiv,A1,GD-TT,taper_ratio,peak_pipeline_strain,2.58,percent,0.4064,0.021,9.0,0.04515555555555555,70,120,,straight_pipe_transition_junction,0.12857142857142856,1.7142857142857142,adjacent_straight_pipe,65,3.0952380952380953,2.4606299212598426,1.0,0.1111111111111111,64,6.9,2.80416,0.2,6.60832,7.00832,0.7342577777777778,0.7787022222222223,,,,,,,,,,,,,,,,edikb:p1_a1_tt_peakloc_01;edikb:p1_a1_tt_taper_02,medium,,,,,,,,,,,,,,,,,,,,,,,,,,,,,,,,,,,,,,,,,,,,,,,,,,,,,,,,,,,,,,,,,,,,
EDIKB_FULL_ML_DATASET_v0_2.csv,from_full,paper1_inline_behaviour,EDIKB_PAPER1_ML_DATASET_v0_2.csv,paper1:row_tt_strain_case_4,paper1,paper1:table_xiv,A1,GD-TT,taper_ratio,peak_pipeline_strain,0.91,percent,0.4064,0.021,9.0,0.04515555555555555,85,120,,straight_pipe_transition_junction,0.10588235294117647,1.411764705882353,adjacent_straight_pipe,65,3.0952380952380953,2.4606299212598426,1.0,0.1111111111111111,4,0.43,0.174752,0.2,1.349504,1.749504,0.1499448888888889,0.19438933333333333,,,,,,,,,,,,,,,,edikb:p1_a1_tt_peakloc_01;edikb:p1_a1_tt_taper_01,medium,,,,,,,,,,,,,,,,,,,,,,,,,,,,,,,,,,,,,,,,,,,,,,,,,,,,,,,,,,,,,,,,,,,,
EDIKB_FULL_ML_DATASET_v0_2.csv,from_full,paper1_inline_behaviour,EDIKB_PAPER1_ML_DATASET_v0_2.csv,paper1:row_tt_strain_case_5,paper1,paper1:table_xiv,A1,GD-TT,taper_ratio,peak_pipeline_strain,0.94,percent,0.4064,0.021,9.0,0.04515555555555555,85,120,,straight_pipe_transition_junction,0.10588235294117647,1.411764705882353,adjacent_straight_pipe,65,3.0952380952380953,2.4606299212598426,1.0,0.1111111111111111,16,1.7,0.6908799999999999,0.2,2.38176,2.78176,0.26464,0.30908444444444444,,,,,,,,,,,,,,,,edikb:p1_a1_tt_peakloc_01;edikb:p1_a1_tt_taper_01,medium,,,,,,,,,,,,,,,,,,,,,,,,,,,,,,,,,,,,,,,,,,,,,,,,,,,,,,,,,,,,,,,,,,,,
EDIKB_FULL_ML_DATASET_v0_2.csv,from_full,paper1_inline_behaviour,EDIKB_PAPER1_ML_DATASET_v0_2.csv,paper1:row_tt_strain_case_6,paper1,paper1:table_xiv,A1,GD-TT,taper_ratio,peak_pipeline_strain,1.27,percent,0.4064,0.021,9.0,0.04515555555555555,85,120,,straight_pipe_transition_junction,0.10588235294117647,1.411764705882353,adjacent_straight_pipe,65,3.0952380952380953,2.4606299212598426,1.0,0.1111111111111111,64,6.9,2.80416,0.2,6.60832,7.00832,0.7342577777777778,0.7787022222222223,,,,,,,,,,,,,,,,edikb:p1_a1_tt_peakloc_01;edikb:p1_a1_tt_taper_02,medium,,,,,,,,,,,,,,,,,,,,,,,,,,,,,,,,,,,,,,,,,,,,,,,,,,,,,,,,,,,,,,,,,,,,
EDIKB_FULL_ML_DATASET_v0_2.csv,from_full,paper1_inline_behaviour,EDIKB_PAPER1_ML_DATASET_v0_2.csv,paper1:row_tt_strain_case_7,paper1,paper1:table_xiv,A1,GD-TT,taper_ratio,peak_pipeline_strain,0.65,percent,0.4064,0.021,9.0,0.04515555555555555,100,120,,straight_pipe_transition_junction,0.09,1.2,adjacent_straight_pipe,65,3.0952380952380953,2.4606299212598426,1.0,0.1111111111111111,4,0.43,0.174752,0.2,1.349504,1.749504,0.1499448888888889,0.19438933333333333,,,,,,,,,,,,,,,,edikb:p1_a1_tt_peakloc_01;edikb:p1_a1_tt_taper_01,medium,,,,,,,,,,,,,,,,,,,,,,,,,,,,,,,,,,,,,,,,,,,,,,,,,,,,,,,,,,,,,,,,,,,,
EDIKB_FULL_ML_DATASET_v0_2.csv,from_full,paper1_inline_behaviour,EDIKB_PAPER1_ML_DATASET_v0_2.csv,paper1:row_tt_strain_case_8,paper1,paper1:table_xiv,A1,GD-TT,taper_ratio,peak_pipeline_strain,0.69,percent,0.4064,0.021,9.0,0.04515555555555555,100,120,,straight_pipe_transition_junction,0.09,1.2,adjacent_straight_pipe,65,3.0952380952380953,2.4606299212598426,1.0,0.1111111111111111,16,1.7,0.6908799999999999,0.2,2.38176,2.78176,0.26464,0.30908444444444444,,,,,,,,,,,,,,,,edikb:p1_a1_tt_peakloc_01;edikb:p1_a1_tt_taper_01,medium,,,,,,,,,,,,,,,,,,,,,,,,,,,,,,,,,,,,,,,,,,,,,,,,,,,,,,,,,,,,,,,,,,,,
EDIKB_FULL_ML_DATASET_v0_2.csv,from_full,paper1_inline_behaviour,EDIKB_PAPER1_ML_DATASET_v0_2.csv,paper1:row_tt_strain_case_9,paper1,paper1:table_xiv,A1,GD-TT,taper_ratio,peak_pipeline_strain,0.87,percent,0.4064,0.021,9.0,0.04515555555555555,100,120,,straight_pipe_transition_junction,0.09,1.2,adjacent_straight_pipe,65,3.0952380952380953,2.4606299212598426,1.0,0.1111111111111111,64,6.9,2.80416,0.2,6.60832,7.00832,0.7342577777777778,0.7787022222222223,,,,,,,,,,,,,,,,edikb:p1_a1_tt_peakloc_01;edikb:p1_a1_tt_taper_02,medium,,,,,,,,,,,,,,,,,,,,,,,,,,,,,,,,,,,,,,,,,,,,,,,,,,,,,,,,,,,,,,,,,,,,
EDIKB_FULL_ML_DATASET_v0_2.csv,from_full,paper2_added_mass_behaviour,EDIKB_PAPER2_ADDED_MASS_ML_DATASET_v0_1.csv,p2_mass_c1,paper2,paper2:table_xi,,,added_mass,peak_nominal_pipeline_strain,0.44,percent,,,,,,,,,,,,,,,,,,,,,,,,,,,,,,,,,,,,,,,,,,,,,,,,,,,,,,,,,,,,direct_numeric,Paper reports about +16% over plain pipe; position relative to stinger governs more than short-range distribution.,,,,,,,,,,,,,,,,,,,,,,,,,,,,,,,40,concentrated_point_mass,1,,roller_centred_and_midspan_checked,0.38,15.8,,,,,,,,,,,
EDIKB_FULL_ML_DATASET_v0_2.csv,from_full,paper2_added_mass_behaviour,EDIKB_PAPER2_ADDED_MASS_ML_DATASET_v0_1.csv,p2_mass_c2,paper2,paper2:table_xi,,,added_mass,peak_nominal_pipeline_strain,0.44,percent,,,,,,,,,,,,,,,,,,,,,,,,,,,,,,,,,,,,,,,,,,,,,,,,,,,,,,,,,,,,direct_numeric,Paper reports no significant difference from concentrated mass for the tested 40 MT case.,,,,,,,,,,,,,,,,,,,,,,,,,,,,,,,40,two_point_masses,2,5.0,roller_centred_and_midspan_checked,0.38,15.8,,,,,,,,,,,
EDIKB_FULL_ML_DATASET_v0_2.csv,from_full,paper2_added_mass_behaviour,EDIKB_PAPER2_ADDED_MASS_ML_DATASET_v0_1.csv,p2_mass_c3,paper2,paper2:table_xi,,,added_mass,peak_nominal_pipeline_strain,0.45,percent,,,,,,,,,,,,,,,,,,,,,,,,,,,,,,,,,,,,,,,,,,,,,,,,,,,,,,,,,,,,direct_numeric,Paper reports about +18% over plain pipe; short distribution has negligible effect relative to location.,,,,,,,,,,,,,,,,,,,,,,,,,,,,,,,40,three_point_masses,3,2.5,roller_centred_and_midspan_checked,0.38,18.4,,,,,,,,,,,
EDIKB_FULL_ML_DATASET_v0_2.csv,from_full,paper2_branch_layout_behaviour,EDIKB_PAPER2_BRANCH_ML_DATASET_v0_1.csv,p2_branch_l_ft_f1_branch,paper2,paper2:table_xii,,,,peak_nominal_strain,0.50,percent,,,,,,,,,,,,,,,,,,,,,,,,,,,,,,,,,,,,,,,,,,,GD-B,,,,,,,,,,,0.4064,0.021,85,100,,,direct_numeric,Branch response has no plain-pipe baseline; keep as absolute branch strain.,,,,,,,,,,,,,,,,,,,,,,,,,,,,,,,,,,,,,,L-FT-F1,L,fixed_to_top_structure,F1,0.2731,0.0159,10,2,,branch_pipe,tee_outlet
EDIKB_FULL_ML_DATASET_v0_2.csv,from_full,paper2_branch_layout_behaviour,EDIKB_PAPER2_BRANCH_ML_DATASET_v0_1.csv,p2_branch_l_ft_f1_header,paper2,paper2:table_xii,,,,peak_nominal_strain,0.740,percent,,,,,,,,,,,,,,,,,,,,,,,,,,,,,,,,,,,,,,,,,,,GD-B,,,,,,,,,,,0.4064,0.021,85,100,,,direct_numeric,L-branch with fixed branch support and F1 top-structure connection.,,,,,,,,,,,,,,,,,,,,,,,,,,,,,,,,,,,,0.38,94.7,L-FT-F1,L,fixed_to_top_structure,F1,0.2731,0.0159,10,2,,header_pipeline,general
EDIKB_FULL_ML_DATASET_v0_2.csv,from_full,paper2_branch_layout_behaviour,EDIKB_PAPER2_BRANCH_ML_DATASET_v0_1.csv,p2_branch_l_ft_f2_branch,paper2,paper2:table_xii,,,,peak_nominal_strain,0.06,percent,,,,,,,,,,,,,,,,,,,,,,,,,,,,,,,,,,,,,,,,,,,GD-B,,,,,12.5,,,,,,0.4064,0.021,85,100,,,direct_numeric,F2 creates very low branch tee-outlet strain in this fixed-support case.,,,,,,,,,,,,,,,,,,,,,,,,,,,,,,,,,,,,,,L-FT-F2,L,fixed_to_top_structure,F2,0.2731,0.0159,10,2,2.5,branch_pipe,tee_outlet
EDIKB_FULL_ML_DATASET_v0_2.csv,from_full,paper2_branch_layout_behaviour,EDIKB_PAPER2_BRANCH_ML_DATASET_v0_1.csv,p2_branch_l_ft_f2_header,paper2,paper2:table_xii,,,,peak_nominal_strain,1.19,percent,,,,,,,,,,,,,,,,,,,,,,,,,,,,,,,,,,,,,,,,,,,GD-B,,,,,12.5,,,,,,0.4064,0.021,85,100,,,direct_numeric,F2 top-structure system protects branch but produces high header strain at frame connection.,,,,,,,,,,,,,,,,,,,,,,,,,,,,,,,,,,,,0.38,213.2,L-FT-F2,L,fixed_to_top_structure,F2,0.2731,0.0159,10,2,2.5,header_pipeline,at_frame_connection
EDIKB_FULL_ML_DATASET_v0_2.csv,from_full,paper2_branch_layout_behaviour,EDIKB_PAPER2_BRANCH_ML_DATASET_v0_1.csv,p2_branch_l_ft_ps_branch,paper2,paper2:table_xii,,,,peak_nominal_strain,0.22,percent,,,,,,,,,,,,,,,,,,,,,,,,,,,,,,,,,,,,,,,,,,,GD-B,,,,,12.5,,,,,,0.4064,0.021,85,100,,,direct_numeric,Fixed branch support with PS gives moderate branch strain.,,,,,,,,,,,,,,,,,,,,,,,,,,,,,,,,,,,,,,L-FT-PS,L,fixed_to_top_structure,PS,0.2731,0.0159,10,2,2.5,branch_pipe,tee_outlet
EDIKB_FULL_ML_DATASET_v0_2.csv,from_full,paper2_branch_layout_behaviour,EDIKB_PAPER2_BRANCH_ML_DATASET_v0_1.csv,p2_branch_l_ft_ps_header,paper2,paper2:table_xii,,,,peak_nominal_strain,0.39,percent,,,,,,,,,,,,,,,,,,,,,,,,,,,,,,,,,,,,,,,,,,,GD-B,,,,,12.5,,,,,,0.4064,0.021,85,100,,,direct_numeric,PS keeps header near plain-pipe baseline with moderate branch strain.,,,,,,,,,,,,,,,,,,,,,,,,,,,,,,,,,,,,0.38,2.6,L-FT-PS,L,fixed_to_top_structure,PS,0.2731,0.0159,10,2,2.5,header_pipeline,general
EDIKB_FULL_ML_DATASET_v0_2.csv,from_full,paper2_branch_layout_behaviour,EDIKB_PAPER2_BRANCH_ML_DATASET_v0_1.csv,p2_branch_l_st_f1_branch,paper2,paper2:table_xii,,,,peak_nominal_strain,0.12,percent,,,,,,,,,,,,,,,,,,,,,,,,,,,,,,,,,,,,,,,,,,,GD-B,,,,,,,,,,,0.4064,0.021,85,100,,,direct_numeric,Slot branch support strongly lowers branch tee-outlet strain.,,,,,,,,,,,,,,,,,,,,,,,,,,,,,,,,,,,,,,L-ST-F1,L,slotted_to_top_structure,F1,0.2731,0.0159,10,2,,branch_pipe,tee_outlet
EDIKB_FULL_ML_DATASET_v0_2.csv,from_full,paper2_branch_layout_behaviour,EDIKB_PAPER2_BRANCH_ML_DATASET_v0_1.csv,p2_branch_l_st_f1_header,paper2,paper2:table_xii,,,,peak_nominal_strain,0.380,percent,,,,,,,,,,,,,,,,,,,,,,,,,,,,,,,,,,,,,,,,,,,GD-B,,,,,,,,,,,0.4064,0.021,85,100,,,direct_numeric,Slot branch support returns header response to plain-pipe baseline for this case.,,,,,,,,,,,,,,,,,,,,,,,,,,,,,,,,,,,,0.38,0.0,L-ST-F1,L,slotted_to_top_structure,F1,0.2731,0.0159,10,2,,header_pipeline,general
EDIKB_FULL_ML_DATASET_v0_2.csv,from_full,paper2_branch_layout_behaviour,EDIKB_PAPER2_BRANCH_ML_DATASET_v0_1.csv,p2_branch_l_st_f2_branch,paper2,paper2:table_xii,,,,peak_nominal_strain,0.03,percent,,,,,,,,,,,,,,,,,,,,,,,,,,,,,,,,,,,,,,,,,,,GD-B,,,,,12.5,,,,,,0.4064,0.021,85,100,,,direct_numeric,Lowest branch strain in the L-branch comparison set.,,,,,,,,,,,,,,,,,,,,,,,,,,,,,,,,,,,,,,L-ST-F2,L,slotted_to_top_structure,F2,0.2731,0.0159,10,2,2.5,branch_pipe,tee_outlet
EDIKB_FULL_ML_DATASET_v0_2.csv,from_full,paper2_branch_layout_behaviour,EDIKB_PAPER2_BRANCH_ML_DATASET_v0_1.csv,p2_branch_l_st_f2_header,paper2,paper2:table_xii,,,,peak_nominal_strain,1.19,percent,,,,,,,,,,,,,,,,,,,,,,,,,,,,,,,,,,,,,,,,,,,GD-B,,,,,12.5,,,,,,0.4064,0.021,85,100,,,direct_numeric,Header remains governed by F2 top-structure connection despite slotted branch support.,,,,,,,,,,,,,,,,,,,,,,,,,,,,,,,,,,,,0.38,213.2,L-ST-F2,L,slotted_to_top_structure,F2,0.2731,0.0159,10,2,2.5,header_pipeline,at_frame_connection
EDIKB_FULL_ML_DATASET_v0_2.csv,from_full,paper2_branch_layout_behaviour,EDIKB_PAPER2_BRANCH_ML_DATASET_v0_1.csv,p2_branch_l_st_ps_branch,paper2,paper2:table_xii,,,,peak_nominal_strain,0.13,percent,,,,,,,,,,,,,,,,,,,,,,,,,,,,,,,,,,,,,,,,,,,GD-B,,,,,12.5,,,,,,0.4064,0.021,85,100,,,direct_numeric,Slot support lowers branch strain relative to L-FT-PS.,,,,,,,,,,,,,,,,,,,,,,,,,,,,,,,,,,,,,,L-ST-PS,L,slotted_to_top_structure,PS,0.2731,0.0159,10,2,2.5,branch_pipe,tee_outlet
EDIKB_FULL_ML_DATASET_v0_2.csv,from_full,paper2_branch_layout_behaviour,EDIKB_PAPER2_BRANCH_ML_DATASET_v0_1.csv,p2_branch_l_st_ps_header,paper2,paper2:table_xii,,,,peak_nominal_strain,0.37,percent,,,,,,,,,,,,,,,,,,,,,,,,,,,,,,,,,,,,,,,,,,,GD-B,,,,,12.5,,,,,,0.4064,0.021,85,100,,,direct_numeric,Slotted support with PS remains header-friendly.,,,,,,,,,,,,,,,,,,,,,,,,,,,,,,,,,,,,0.38,-2.6,L-ST-PS,L,slotted_to_top_structure,PS,0.2731,0.0159,10,2,2.5,header_pipeline,general
EDIKB_FULL_ML_DATASET_v0_2.csv,from_full,paper2_branch_layout_behaviour,EDIKB_PAPER2_BRANCH_ML_DATASET_v0_1.csv,p2_branch_z_ft_f1_branch,paper2,paper2:table_xii,,,,peak_nominal_strain,0.36,percent,,,,,,,,,,,,,,,,,,,,,,,,,,,,,,,,,,,,,,,,,,,GD-B,,,,,,,,,,,0.4064,0.021,85,100,,,direct_numeric,Z fixed F1 branch strain; slotted Z comparison not available in Paper 2.,,,,,,,,,,,,,,,,,,,,,,,,,,,,,,,,,,,,,,Z-FT-F1,Z,fixed_to_top_structure,F1,0.2731,0.0159,10,3.5,,branch_pipe,tee_outlet
EDIKB_FULL_ML_DATASET_v0_2.csv,from_full,paper2_branch_layout_behaviour,EDIKB_PAPER2_BRANCH_ML_DATASET_v0_1.csv,p2_branch_z_ft_f1_header,paper2,paper2:table_xii,,,,peak_nominal_strain,0.760,percent,,,,,,,,,,,,,,,,,,,,,,,,,,,,,,,,,,,,,,,,,,,GD-B,,,,,,,,,,,0.4064,0.021,85,100,,,direct_numeric,Z-branch fixed support with F1 produces similar header penalty to L fixed F1.,,,,,,,,,,,,,,,,,,,,,,,,,,,,,,,,,,,,0.38,100.0,Z-FT-F1,Z,fixed_to_top_structure,F1,0.2731,0.0159,10,3.5,,header_pipeline,general
EDIKB_FULL_ML_DATASET_v0_2.csv,from_full,paper2_branch_layout_behaviour,EDIKB_PAPER2_BRANCH_ML_DATASET_v0_1.csv,p2_branch_z_ft_f2_branch,paper2,paper2:table_xii,,,,peak_nominal_strain,0.05,percent,,,,,,,,,,,,,,,,,,,,,,,,,,,,,,,,,,,,,,,,,,,GD-B,,,,,12.5,,,,,,0.4064,0.021,85,100,,,direct_numeric,F2 gives low Z branch strain but high header penalty.,,,,,,,,,,,,,,,,,,,,,,,,,,,,,,,,,,,,,,Z-FT-F2,Z,fixed_to_top_structure,F2,0.2731,0.0159,10,3.5,1.25,branch_pipe,tee_outlet
EDIKB_FULL_ML_DATASET_v0_2.csv,from_full,paper2_branch_layout_behaviour,EDIKB_PAPER2_BRANCH_ML_DATASET_v0_1.csv,p2_branch_z_ft_f2_header,paper2,paper2:table_xii,,,,peak_nominal_strain,1.21,percent,,,,,,,,,,,,,,,,,,,,,,,,,,,,,,,,,,,,,,,,,,,GD-B,,,,,12.5,,,,,,0.4064,0.021,85,100,,,direct_numeric,F2 gives highest Z header strain at frame connection.,,,,,,,,,,,,,,,,,,,,,,,,,,,,,,,,,,,,0.38,218.4,Z-FT-F2,Z,fixed_to_top_structure,F2,0.2731,0.0159,10,3.5,1.25,header_pipeline,at_frame_connection
EDIKB_FULL_ML_DATASET_v0_2.csv,from_full,paper2_branch_layout_behaviour,EDIKB_PAPER2_BRANCH_ML_DATASET_v0_1.csv,p2_branch_z_ft_ps_branch,paper2,paper2:table_xii,,,,peak_nominal_strain,0.29,percent,,,,,,,,,,,,,,,,,,,,,,,,,,,,,,,,,,,,,,,,,,,GD-B,,,,,12.5,,,,,,0.4064,0.021,85,100,,,direct_numeric,PS gives moderate Z branch strain; slotted Z comparison not available.,,,,,,,,,,,,,,,,,,,,,,,,,,,,,,,,,,,,,,Z-FT-PS,Z,fixed_to_top_structure,PS,0.2731,0.0159,10,3.5,1.25,branch_pipe,tee_outlet
EDIKB_FULL_ML_DATASET_v0_2.csv,from_full,paper2_branch_layout_behaviour,EDIKB_PAPER2_BRANCH_ML_DATASET_v0_1.csv,p2_branch_z_ft_ps_header,paper2,paper2:table_xii,,,,peak_nominal_strain,0.42,percent,,,,,,,,,,,,,,,,,,,,,,,,,,,,,,,,,,,,,,,,,,,GD-B,,,,,12.5,,,,,,0.4064,0.021,85,100,,,direct_numeric,PS moderates header strain relative to F1/F2 in Z fixed-support cases.,,,,,,,,,,,,,,,,,,,,,,,,,,,,,,,,,,,,0.38,10.5,Z-FT-PS,Z,fixed_to_top_structure,PS,0.2731,0.0159,10,3.5,1.25,header_pipeline,at_frame_connection
EDIKB_PAPER2_EASB_ML_DATASET_v0_2.csv,latest_override,paper2_easb_behaviour,EDIKB_PAPER2_EASB_ML_DATASET_v0_2.csv,p2_easb_f1_c1_xc,paper2,paper2:section_viii_c,,,,peak_nominal_strain,2.300,percent,,,,,,,,,,,X_c,,,,,,,,,,,,,,,,,,,,,,,,,,,,,,,,GD-SB,ILS-EASB,F1,1,F,,,,,,,0.4064,0.021,85,100,0.33,0.38,direct_numeric,F1 base structure; severe connector/contact-region strain,paper2_section_viii_connection_system_case,no_D,no_gap_parameter,connector,2,0.8128,connector_near_window,2.300,X_c,1.410,X_e,597.0,505.3,,,,,,,,,,,,5,2.5,2,3.2,,,,,,,,,,,,,,,,,,,,
EDIKB_PAPER2_EASB_ML_DATASET_v0_2.csv,latest_override,paper2_easb_behaviour,EDIKB_PAPER2_EASB_ML_DATASET_v0_2.csv,p2_easb_f1_c1_xe,paper2,paper2:section_viii_c,,,,peak_nominal_strain,1.410,percent,,,,,,,,,,,X_e,,,,,,,,,,,,,,,,,,,,,,,,,,,,,,,,GD-SB,ILS-EASB,F1,1,F,,,,,,,0.4064,0.021,85,100,0.33,0.38,direct_numeric,outside region remains far above baseline,paper2_section_viii_connection_system_case,no_D,no_gap_parameter,outside_structure,,,outside_structure_region,2.300,X_c,1.410,X_e,597.0,505.3,,,,,,,,,,,,5,2.5,2,3.2,,,,,,,,,,,,,,,,,,,,
EDIKB_PAPER2_EASB_ML_DATASET_v0_2.csv,latest_override,paper2_easb_behaviour,EDIKB_PAPER2_EASB_ML_DATASET_v0_2.csv,p2_easb_f1d_c1_xc,paper2,paper2:section_viii_d,,,,peak_nominal_strain,1.340,percent,,,,,,,,,,,X_c,,,,,,,,,,,,,,,,,,,,,,,,,,,,,,,,GD-SB,ILS-EASB,F1D,3,D-F-D,,5,0.100,,,,0.4064,0.021,85,100,0.33,0.38,direct_numeric,deadband reduces F1 peak but strain remains high,paper2_section_viii_connection_system_case,has_D,gap_parameter_present,connector,2,0.8128,connector_near_window,1.340,X_c,0.536,X_e,306.1,252.6,,,,,,,,,,,,5,2.5,2,3.2,,,,,,,,,,,,,,,,,,,,
EDIKB_PAPER2_EASB_ML_DATASET_v0_2.csv,latest_override,paper2_easb_behaviour,EDIKB_PAPER2_EASB_ML_DATASET_v0_2.csv,p2_easb_f1d_c1_xe,paper2,paper2:section_viii_d,,,,peak_nominal_strain,0.536,percent,,,,,,,,,,,X_e,,,,,,,,,,,,,,,,,,,,,,,,,,,,,,,,GD-SB,ILS-EASB,F1D,3,D-F-D,,5,0.100,,,,0.4064,0.021,85,100,0.33,0.38,direct_numeric,minimum in this case,paper2_section_viii_connection_system_case,has_D,gap_parameter_present,outside_structure,,,outside_structure_region,1.340,X_c,0.536,X_e,306.1,252.6,,,,,,,,,,,,5,2.5,2,3.2,,,,,,,,,,,,,,,,,,,,
EDIKB_PAPER2_EASB_ML_DATASET_v0_2.csv,latest_override,paper2_easb_behaviour,EDIKB_PAPER2_EASB_ML_DATASET_v0_2.csv,p2_easb_f1d_c1_xi,paper2,paper2:section_viii_d,,,,peak_nominal_strain,1.010,percent,,,,,,,,,,,X_i,,,,,,,,,,,,,,,,,,,,,,,,,,,,,,,,GD-SB,ILS-EASB,F1D,3,D-F-D,,5,0.100,,,,0.4064,0.021,85,100,0.33,0.38,direct_numeric,internal shifted strain remains high,paper2_section_viii_connection_system_case,has_D,gap_parameter_present,main_connector_pair,,,internal_region_between_or_inside_active_connectors,1.340,X_c,0.536,X_e,306.1,252.6,,,,,,,,,,,,5,2.5,2,3.2,,,,,,,,,,,,,,,,,,,,
EDIKB_PAPER2_EASB_ML_DATASET_v0_2.csv,latest_override,paper2_easb_behaviour,EDIKB_PAPER2_EASB_ML_DATASET_v0_2.csv,p2_easb_f1d_c2_xc,paper2,paper2:section_viii_d,,,,peak_nominal_strain,0.637,percent,,,,,,,,,,,X_c,,,,,,,,,,,,,,,,,,,,,,,,,,,,,,,,GD-SB,ILS-EASB,F1D,3,D-F-D,,7.5,0.100,,,,0.4064,0.021,85,100,0.33,0.38,direct_numeric,longer base / lower stiffness case; connector region no longer controls,paper2_section_viii_connection_system_case,has_D,gap_parameter_present,connector,2,0.8128,connector_near_window,0.826,X_i,0.637,X_c,150.3,117.4,,,,,,,,,,,,10,2.5,2,2.81,,,,,,,,,,,,,,,,,,,,
EDIKB_PAPER2_EASB_ML_DATASET_v0_2.csv,latest_override,paper2_easb_behaviour,EDIKB_PAPER2_EASB_ML_DATASET_v0_2.csv,p2_easb_f1d_c2_xe,paper2,paper2:section_viii_d,,,,peak_nominal_strain,0.826,percent,,,,,,,,,,,X_e,,,,,,,,,,,,,,,,,,,,,,,,,,,,,,,,GD-SB,ILS-EASB,F1D,3,D-F-D,,7.5,0.100,,,,0.4064,0.021,85,100,0.33,0.38,direct_numeric,outside region tied with internal maximum,paper2_section_viii_connection_system_case,has_D,gap_parameter_present,outside_structure,,,outside_structure_region,0.826,X_i,0.637,X_c,150.3,117.4,,,,,,,,,,,,10,2.5,2,2.81,,,,,,,,,,,,,,,,,,,,
EDIKB_PAPER2_EASB_ML_DATASET_v0_2.csv,latest_override,paper2_easb_behaviour,EDIKB_PAPER2_EASB_ML_DATASET_v0_2.csv,p2_easb_f1d_c2_xi,paper2,paper2:section_viii_d,,,,peak_nominal_strain,0.826,percent,,,,,,,,,,,X_i,,,,,,,,,,,,,,,,,,,,,,,,,,,,,,,,GD-SB,ILS-EASB,F1D,3,D-F-D,,7.5,0.100,,,,0.4064,0.021,85,100,0.33,0.38,direct_numeric,shifted strain controls,paper2_section_viii_connection_system_case,has_D,gap_parameter_present,main_connector_pair,,,internal_region_between_or_inside_active_connectors,0.826,X_i,0.637,X_c,150.3,117.4,,,,,,,,,,,,10,2.5,2,2.81,,,,,,,,,,,,,,,,,,,,
EDIKB_PAPER2_EASB_ML_DATASET_v0_2.csv,latest_override,paper2_easb_behaviour,EDIKB_PAPER2_EASB_ML_DATASET_v0_2.csv,p2_easb_f2_c1_xc,paper2,paper2:section_viii_e,,,,peak_nominal_strain,2.240,percent,,,,,,,,,,,X_c,,,,,,,,,,,,,,,,,,,,,,,,,,,,,,,,GD-SB,ILS-EASB,F2,2,F-F,5,, ,,,,0.4064,0.021,85,100,0.33,0.38,direct_numeric,F2 creates very low internal pocket but severe connector strain,paper2_section_viii_connection_system_case,no_D,no_gap_parameter,connector,2,0.8128,connector_near_window,2.240,X_c,0.086,X_i,578.8,489.5,connector_to_connector_distance_P_c1,5,2.032,2.5,3.5,1 + kB_ratio,,GD-TP+GD-SH; GD-TT,same connector-to-connector stiffening span plus elevation/contact effect; compare against GD-TP stiffness ratio and GD-SH depth/elevation trends,partial_reference_available_but_not_directly_equivalent,edikb:p2_easb_f2_stiffness_elevation_vs_gdtp_gdsh_candidate_01,10,2.5,2,2.5,,,,,,,,,,,,,,,,,,,,
EDIKB_PAPER2_EASB_ML_DATASET_v0_2.csv,latest_override,paper2_easb_behaviour,EDIKB_PAPER2_EASB_ML_DATASET_v0_2.csv,p2_easb_f2_c1_xe,paper2,paper2:section_viii_e,,,,peak_nominal_strain,1.450,percent,,,,,,,,,,,X_e,,,,,,,,,,,,,,,,,,,,,,,,,,,,,,,,GD-SB,ILS-EASB,F2,2,F-F,5,, ,,,,0.4064,0.021,85,100,0.33,0.38,direct_numeric,outside strain far above baseline,paper2_section_viii_connection_system_case,no_D,no_gap_parameter,outside_structure,,,outside_structure_region,2.240,X_c,0.086,X_i,578.8,489.5,connector_to_connector_distance_P_c1,5,2.032,2.5,3.5,1 + kB_ratio,,GD-TP+GD-SH; GD-TT,same connector-to-connector stiffening span plus elevation/contact effect; compare against GD-TP stiffness ratio and GD-SH depth/elevation trends,partial_reference_available_but_not_directly_equivalent,edikb:p2_easb_f2_stiffness_elevation_vs_gdtp_gdsh_candidate_01,10,2.5,2,2.5,,,,,,,,,,,,,,,,,,,,
EDIKB_PAPER2_EASB_ML_DATASET_v0_2.csv,latest_override,paper2_easb_behaviour,EDIKB_PAPER2_EASB_ML_DATASET_v0_2.csv,p2_easb_f2_c1_xi,paper2,paper2:section_viii_e,,,,peak_nominal_strain,0.086,percent,,,,,,,,,,,X_i,,,,,,,,,,,,,,,,,,,,,,,,,,,,,,,,GD-SB,ILS-EASB,F2,2,F-F,5,, ,,,,0.4064,0.021,85,100,0.33,0.38,direct_numeric,low internal pocket,paper2_section_viii_connection_system_case,no_D,no_gap_parameter,main_connector_pair,,,internal_low_strain_pocket,2.240,X_c,0.086,X_i,578.8,489.5,connector_to_connector_distance_P_c1,5,2.032,2.5,3.5,1 + kB_ratio,,GD-TP+GD-SH; GD-TT,same connector-to-connector stiffening span plus elevation/contact effect; compare against GD-TP stiffness ratio and GD-SH depth/elevation trends,partial_reference_available_but_not_directly_equivalent,edikb:p2_easb_f2_stiffness_elevation_vs_gdtp_gdsh_candidate_01,10,2.5,2,2.5,,,,,,,,,,,,,,,,,,,,
EDIKB_PAPER2_EASB_ML_DATASET_v0_2.csv,latest_override,paper2_easb_behaviour,EDIKB_PAPER2_EASB_ML_DATASET_v0_2.csv,p2_easb_f2_c2_xc,paper2,paper2:section_viii_e,,,,peak_nominal_strain,2.400,percent,,,,,,,,,,,X_c,,,,,,,,,,,,,,,,,,,,,,,,,,,,,,,,GD-SB,ILS-EASB,F2,2,F-F,10,, ,,,,0.4064,0.021,85,100,0.33,0.38,direct_numeric,larger connector spacing / stiffness case,paper2_section_viii_connection_system_case,no_D,no_gap_parameter,connector,2,0.8128,connector_near_window,2.400,X_c,0.086,X_i,627.3,531.6,connector_to_connector_distance_P_c1,10,4.064,3.1,4.1,1 + kB_ratio,,GD-TP+GD-SH; GD-TT,same connector-to-connector stiffening span plus elevation/contact effect; compare against GD-TP stiffness ratio and GD-SH depth/elevation trends,partial_reference_available_but_not_directly_equivalent,edikb:p2_easb_f2_stiffness_elevation_vs_gdtp_gdsh_candidate_01,10,2.5,2,3.1,,,,,,,,,,,,,,,,,,,,
EDIKB_PAPER2_EASB_ML_DATASET_v0_2.csv,latest_override,paper2_easb_behaviour,EDIKB_PAPER2_EASB_ML_DATASET_v0_2.csv,p2_easb_f2_c2_xe,paper2,paper2:section_viii_e,,,,peak_nominal_strain,1.520,percent,,,,,,,,,,,X_e,,,,,,,,,,,,,,,,,,,,,,,,,,,,,,,,GD-SB,ILS-EASB,F2,2,F-F,10,, ,,,,0.4064,0.021,85,100,0.33,0.38,direct_numeric,outside strain far above baseline,paper2_section_viii_connection_system_case,no_D,no_gap_parameter,outside_structure,,,outside_structure_region,2.400,X_c,0.086,X_i,627.3,531.6,connector_to_connector_distance_P_c1,10,4.064,3.1,4.1,1 + kB_ratio,,GD-TP+GD-SH; GD-TT,same connector-to-connector stiffening span plus elevation/contact effect; compare against GD-TP stiffness ratio and GD-SH depth/elevation trends,partial_reference_available_but_not_directly_equivalent,edikb:p2_easb_f2_stiffness_elevation_vs_gdtp_gdsh_candidate_01,10,2.5,2,3.1,,,,,,,,,,,,,,,,,,,,
EDIKB_PAPER2_EASB_ML_DATASET_v0_2.csv,latest_override,paper2_easb_behaviour,EDIKB_PAPER2_EASB_ML_DATASET_v0_2.csv,p2_easb_f2_c2_xi,paper2,paper2:section_viii_e,,,,peak_nominal_strain,0.086,percent,,,,,,,,,,,X_i,,,,,,,,,,,,,,,,,,,,,,,,,,,,,,,,GD-SB,ILS-EASB,F2,2,F-F,10,, ,,,,0.4064,0.021,85,100,0.33,0.38,direct_numeric,low internal pocket remains,paper2_section_viii_connection_system_case,no_D,no_gap_parameter,main_connector_pair,,,internal_low_strain_pocket,2.400,X_c,0.086,X_i,627.3,531.6,connector_to_connector_distance_P_c1,10,4.064,3.1,4.1,1 + kB_ratio,,GD-TP+GD-SH; GD-TT,same connector-to-connector stiffening span plus elevation/contact effect; compare against GD-TP stiffness ratio and GD-SH depth/elevation trends,partial_reference_available_but_not_directly_equivalent,edikb:p2_easb_f2_stiffness_elevation_vs_gdtp_gdsh_candidate_01,10,2.5,2,3.1,,,,,,,,,,,,,,,,,,,,
EDIKB_PAPER2_EASB_ML_DATASET_v0_2.csv,latest_override,paper2_easb_behaviour,EDIKB_PAPER2_EASB_ML_DATASET_v0_2.csv,p2_easb_f2_c3_xc,paper2,paper2:section_viii_e,,,,peak_nominal_strain,2.530,percent,,,,,,,,,,,X_c,,,,,,,,,,,,,,,,,,,,,,,,,,,,,,,,GD-SB,ILS-EASB,F2,2,F-F,10,, ,,,,0.4064,0.021,85,100,0.33,0.38,direct_numeric,highest EA-SB strain in extracted set,paper2_section_viii_connection_system_case,no_D,no_gap_parameter,connector,2,0.8128,connector_near_window,2.530,X_c,0.085,X_i,666.7,565.8,connector_to_connector_distance_P_c1,10,4.064,3.1,4.1,1 + kB_ratio,,GD-TP+GD-SH; GD-TT,same connector-to-connector stiffening span plus elevation/contact effect; compare against GD-TP stiffness ratio and GD-SH depth/elevation trends,partial_reference_available_but_not_directly_equivalent,edikb:p2_easb_f2_stiffness_elevation_vs_gdtp_gdsh_candidate_01,15,2.5,2,3.1,,,,,,,,,,,,,,,,,,,,
EDIKB_PAPER2_EASB_ML_DATASET_v0_2.csv,latest_override,paper2_easb_behaviour,EDIKB_PAPER2_EASB_ML_DATASET_v0_2.csv,p2_easb_f2_c3_xe,paper2,paper2:section_viii_e,,,,peak_nominal_strain,1.600,percent,,,,,,,,,,,X_e,,,,,,,,,,,,,,,,,,,,,,,,,,,,,,,,GD-SB,ILS-EASB,F2,2,F-F,10,, ,,,,0.4064,0.021,85,100,0.33,0.38,direct_numeric,outside strain far above baseline,paper2_section_viii_connection_system_case,no_D,no_gap_parameter,outside_structure,,,outside_structure_region,2.530,X_c,0.085,X_i,666.7,565.8,connector_to_connector_distance_P_c1,10,4.064,3.1,4.1,1 + kB_ratio,,GD-TP+GD-SH; GD-TT,same connector-to-connector stiffening span plus elevation/contact effect; compare against GD-TP stiffness ratio and GD-SH depth/elevation trends,partial_reference_available_but_not_directly_equivalent,edikb:p2_easb_f2_stiffness_elevation_vs_gdtp_gdsh_candidate_01,15,2.5,2,3.1,,,,,,,,,,,,,,,,,,,,
EDIKB_PAPER2_EASB_ML_DATASET_v0_2.csv,latest_override,paper2_easb_behaviour,EDIKB_PAPER2_EASB_ML_DATASET_v0_2.csv,p2_easb_f2_c3_xi,paper2,paper2:section_viii_e,,,,peak_nominal_strain,0.085,percent,,,,,,,,,,,X_i,,,,,,,,,,,,,,,,,,,,,,,,,,,,,,,,GD-SB,ILS-EASB,F2,2,F-F,10,, ,,,,0.4064,0.021,85,100,0.33,0.38,direct_numeric,low internal pocket remains,paper2_section_viii_connection_system_case,no_D,no_gap_parameter,main_connector_pair,,,internal_low_strain_pocket,2.530,X_c,0.085,X_i,666.7,565.8,connector_to_connector_distance_P_c1,10,4.064,3.1,4.1,1 + kB_ratio,,GD-TP+GD-SH; GD-TT,same connector-to-connector stiffening span plus elevation/contact effect; compare against GD-TP stiffness ratio and GD-SH depth/elevation trends,partial_reference_available_but_not_directly_equivalent,edikb:p2_easb_f2_stiffness_elevation_vs_gdtp_gdsh_candidate_01,15,2.5,2,3.1,,,,,,,,,,,,,,,,,,,,
EDIKB_PAPER2_EASB_ML_DATASET_v0_2.csv,latest_override,paper2_easb_behaviour,EDIKB_PAPER2_EASB_ML_DATASET_v0_2.csv,p2_easb_f2d_c1_xc,paper2,paper2:section_viii_f,,,,peak_nominal_strain,1.410,percent,,,,,,,,,,,X_c,,,,,,,,,,,,,,,,,,,,,,,,,,,,,,,,GD-SB,ILS-EASB,F2D,4,D-F-F-D,5,5,0.100,,,,0.4064,0.021,85,100,0.33,0.38,direct_numeric,deadband spreads strain compared with F2,paper2_section_viii_connection_system_case,has_D,gap_parameter_present,connector,2,0.8128,connector_near_window,1.410,X_c,0.089,X_i1,327.3,271.1,,5,2.032,,,,,,,,,10,2.5,2,,2.5,3.2,,,,,,,,,,,,,,,,,,
EDIKB_PAPER2_EASB_ML_DATASET_v0_2.csv,latest_override,paper2_easb_behaviour,EDIKB_PAPER2_EASB_ML_DATASET_v0_2.csv,p2_easb_f2d_c1_xe,paper2,paper2:section_viii_f,,,,peak_nominal_strain,0.760,percent,,,,,,,,,,,X_e,,,,,,,,,,,,,,,,,,,,,,,,,,,,,,,,GD-SB,ILS-EASB,F2D,4,D-F-F-D,5,5,0.100,,,,0.4064,0.021,85,100,0.33,0.38,direct_numeric,outside shifted strain,paper2_section_viii_connection_system_case,has_D,gap_parameter_present,outside_structure,,,outside_structure_region,1.410,X_c,0.089,X_i1,327.3,271.1,,5,2.032,,,,,,,,,10,2.5,2,,2.5,3.2,,,,,,,,,,,,,,,,,,
EDIKB_PAPER2_EASB_ML_DATASET_v0_2.csv,latest_override,paper2_easb_behaviour,EDIKB_PAPER2_EASB_ML_DATASET_v0_2.csv,p2_easb_f2d_c1_xi1,paper2,paper2:section_viii_f,,,,peak_nominal_strain,0.089,percent,,,,,,,,,,,X_i1,,,,,,,,,,,,,,,,,,,,,,,,,,,,,,,,GD-SB,ILS-EASB,F2D,4,D-F-F-D,5,5,0.100,,,,0.4064,0.021,85,100,0.33,0.38,direct_numeric,low internal pocket,paper2_section_viii_connection_system_case,has_D,gap_parameter_present,main_connector_pair,,,internal_low_strain_pocket,1.410,X_c,0.089,X_i1,327.3,271.1,,5,2.032,,,,,,,,,10,2.5,2,,2.5,3.2,,,,,,,,,,,,,,,,,,
EDIKB_PAPER2_EASB_ML_DATASET_v0_2.csv,latest_override,paper2_easb_behaviour,EDIKB_PAPER2_EASB_ML_DATASET_v0_2.csv,p2_easb_f2d_c1_xi2,paper2,paper2:section_viii_f,,,,peak_nominal_strain,0.980,percent,,,,,,,,,,,X_i2,,,,,,,,,,,,,,,,,,,,,,,,,,,,,,,,GD-SB,ILS-EASB,F2D,4,D-F-F-D,5,5,0.100,,,,0.4064,0.021,85,100,0.33,0.38,direct_numeric,shifted strain region,paper2_section_viii_connection_system_case,has_D,gap_parameter_present,deadband_to_main_connector,,,internal_shifted_strain_region,1.410,X_c,0.089,X_i1,327.3,271.1,,5,2.032,,,,,,,,,10,2.5,2,,2.5,3.2,,,,,,,,,,,,,,,,,,
EDIKB_PAPER2_EASB_ML_DATASET_v0_2.csv,latest_override,paper2_easb_behaviour,EDIKB_PAPER2_EASB_ML_DATASET_v0_2.csv,p2_easb_f2d_c2_xc,paper2,paper2:section_viii_f,,,,peak_nominal_strain,0.620,percent,,,,,,,,,,,X_c,,,,,,,,,,,,,,,,,,,,,,,,,,,,,,,,GD-SB,ILS-EASB,F2D,4,D-F-F-D,5,5,0.050,,,,0.4064,0.021,85,100,0.33,0.38,direct_numeric,smaller gap lowers connector region but outside controls,paper2_section_viii_connection_system_case,has_D,gap_parameter_present,connector,2,0.8128,connector_near_window,1.250,X_e,0.090,X_i1,278.8,228.9,,5,2.032,,,,,,,,,10,2.5,2,,2.5,3.2,,,,,,,,,,,,,,,,,,
EDIKB_PAPER2_EASB_ML_DATASET_v0_2.csv,latest_override,paper2_easb_behaviour,EDIKB_PAPER2_EASB_ML_DATASET_v0_2.csv,p2_easb_f2d_c2_xe,paper2,paper2:section_viii_f,,,,peak_nominal_strain,1.250,percent,,,,,,,,,,,X_e,,,,,,,,,,,,,,,,,,,,,,,,,,,,,,,,GD-SB,ILS-EASB,F2D,4,D-F-F-D,5,5,0.050,,,,0.4064,0.021,85,100,0.33,0.38,direct_numeric,outside region controls,paper2_section_viii_connection_system_case,has_D,gap_parameter_present,outside_structure,,,outside_structure_region,1.250,X_e,0.090,X_i1,278.8,228.9,,5,2.032,,,,,,,,,10,2.5,2,,2.5,3.2,,,,,,,,,,,,,,,,,,
EDIKB_PAPER2_EASB_ML_DATASET_v0_2.csv,latest_override,paper2_easb_behaviour,EDIKB_PAPER2_EASB_ML_DATASET_v0_2.csv,p2_easb_f2d_c2_xi1,paper2,paper2:section_viii_f,,,,peak_nominal_strain,0.090,percent,,,,,,,,,,,X_i1,,,,,,,,,,,,,,,,,,,,,,,,,,,,,,,,GD-SB,ILS-EASB,F2D,4,D-F-F-D,5,5,0.050,,,,0.4064,0.021,85,100,0.33,0.38,direct_numeric,low internal pocket,paper2_section_viii_connection_system_case,has_D,gap_parameter_present,main_connector_pair,,,internal_low_strain_pocket,1.250,X_e,0.090,X_i1,278.8,228.9,,5,2.032,,,,,,,,,10,2.5,2,,2.5,3.2,,,,,,,,,,,,,,,,,,
EDIKB_PAPER2_EASB_ML_DATASET_v0_2.csv,latest_override,paper2_easb_behaviour,EDIKB_PAPER2_EASB_ML_DATASET_v0_2.csv,p2_easb_f2d_c2_xi2,paper2,paper2:section_viii_f,,,,peak_nominal_strain,1.150,percent,,,,,,,,,,,X_i2,,,,,,,,,,,,,,,,,,,,,,,,,,,,,,,,GD-SB,ILS-EASB,F2D,4,D-F-F-D,5,5,0.050,,,,0.4064,0.021,85,100,0.33,0.38,direct_numeric,shifted strain region,paper2_section_viii_connection_system_case,has_D,gap_parameter_present,deadband_to_main_connector,,,internal_shifted_strain_region,1.250,X_e,0.090,X_i1,278.8,228.9,,5,2.032,,,,,,,,,10,2.5,2,,2.5,3.2,,,,,,,,,,,,,,,,,,
EDIKB_PAPER2_EASB_ML_DATASET_v0_2.csv,latest_override,paper2_easb_behaviour,EDIKB_PAPER2_EASB_ML_DATASET_v0_2.csv,p2_easb_ps_c1_xc,paper2,paper2:section_viii_g,,,,peak_nominal_strain,1.316,percent,,,,,,,,,,,X_c,,,,,,,,,,,,,,,,,,,,,,,,,,,,,,,,GD-SB,ILS-EASB,PS,2,P-S,5,,,,,,0.4064,0.021,85,100,0.33,0.38,direct_numeric,PS is not plain-like for EA-SB,paper2_section_viii_connection_system_case,no_D,no_gap_parameter,connector,2,0.8128,connector_near_window,1.316,X_c,0.035,X_e,298.8,246.3,split PS connection stiffness regions; do not collapse to one value without assumptions,5,2.032,,,"split: 1 + kB1_ratio, 1 + kB2_ratio",1+kB1=3.5;1+kB2=4.2,GD-SH,"similar depth/elevation comparison; EA-SB PS has P_v=2D and GD-SH has shroud_V_D=2D cases, but load path/contact ownership differs",partial_depth_match_available_not_direct_equivalence,edikb:p2_easb_ps_vs_gdsh_depth_candidate_01,10,2.5,2, ,2.5,3.2,,,,,,,,,,,,,,,,,,
EDIKB_PAPER2_EASB_ML_DATASET_v0_2.csv,latest_override,paper2_easb_behaviour,EDIKB_PAPER2_EASB_ML_DATASET_v0_2.csv,p2_easb_ps_c1_xe,paper2,paper2:section_viii_g,,,,peak_nominal_strain,0.035,percent,,,,,,,,,,,X_e,,,,,,,,,,,,,,,,,,,,,,,,,,,,,,,,GD-SB,ILS-EASB,PS,2,P-S,5,,,,,,0.4064,0.021,85,100,0.33,0.38,direct_numeric,very low outside region but not governing design concern,paper2_section_viii_connection_system_case,no_D,no_gap_parameter,outside_structure,,,outside_structure_region,1.316,X_c,0.035,X_e,298.8,246.3,split PS connection stiffness regions; do not collapse to one value without assumptions,5,2.032,,,"split: 1 + kB1_ratio, 1 + kB2_ratio",1+kB1=3.5;1+kB2=4.2,GD-SH,"similar depth/elevation comparison; EA-SB PS has P_v=2D and GD-SH has shroud_V_D=2D cases, but load path/contact ownership differs",partial_depth_match_available_not_direct_equivalence,edikb:p2_easb_ps_vs_gdsh_depth_candidate_01,10,2.5,2, ,2.5,3.2,,,,,,,,,,,,,,,,,,
EDIKB_PAPER2_EASB_ML_DATASET_v0_2.csv,latest_override,paper2_easb_behaviour,EDIKB_PAPER2_EASB_ML_DATASET_v0_2.csv,p2_easb_ps_c1_xi1,paper2,paper2:section_viii_g,,,,peak_nominal_strain,0.076,percent,,,,,,,,,,,X_i1,,,,,,,,,,,,,,,,,,,,,,,,,,,,,,,,GD-SB,ILS-EASB,PS,2,P-S,5,,,,,,0.4064,0.021,85,100,0.33,0.38,direct_numeric,low internal pocket but high connector strain,paper2_section_viii_connection_system_case,no_D,no_gap_parameter,main_connector_pair,,,internal_low_strain_pocket,1.316,X_c,0.035,X_e,298.8,246.3,split PS connection stiffness regions; do not collapse to one value without assumptions,5,2.032,,,"split: 1 + kB1_ratio, 1 + kB2_ratio",1+kB1=3.5;1+kB2=4.2,GD-SH,"similar depth/elevation comparison; EA-SB PS has P_v=2D and GD-SH has shroud_V_D=2D cases, but load path/contact ownership differs",partial_depth_match_available_not_direct_equivalence,edikb:p2_easb_ps_vs_gdsh_depth_candidate_01,10,2.5,2, ,2.5,3.2,,,,,,,,,,,,,,,,,,
EDIKB_PAPER2_EASB_ML_DATASET_v0_2.csv,latest_override,paper2_easb_behaviour,EDIKB_PAPER2_EASB_ML_DATASET_v0_2.csv,p2_easb_ps_c1_xi2,paper2,paper2:section_viii_g,,,,peak_nominal_strain,1.110,percent,,,,,,,,,,,X_i2,,,,,,,,,,,,,,,,,,,,,,,,,,,,,,,,GD-SB,ILS-EASB,PS,2,P-S,5,,,,,,0.4064,0.021,85,100,0.33,0.38,direct_numeric,secondary internal strain elevated,paper2_section_viii_connection_system_case,no_D,no_gap_parameter,deadband_to_main_connector,,,internal_shifted_strain_region,1.316,X_c,0.035,X_e,298.8,246.3,split PS connection stiffness regions; do not collapse to one value without assumptions,5,2.032,,,"split: 1 + kB1_ratio, 1 + kB2_ratio",1+kB1=3.5;1+kB2=4.2,GD-SH,"similar depth/elevation comparison; EA-SB PS has P_v=2D and GD-SH has shroud_V_D=2D cases, but load path/contact ownership differs",partial_depth_match_available_not_direct_equivalence,edikb:p2_easb_ps_vs_gdsh_depth_candidate_01,10,2.5,2, ,2.5,3.2,,,,,,,,,,,,,,,,,,
EDIKB_PAPER2_EASB_ML_DATASET_v0_2.csv,latest_override,paper2_easb_behaviour,EDIKB_PAPER2_EASB_ML_DATASET_v0_2.csv,p2_easb_psd_c1_xc,paper2,paper2:section_viii_h,,,,peak_nominal_strain,0.670,percent,,,,,,,,,,,X_c,,,,,,,,,,,,,,,,,,,,,,,,,,,,,,,,GD-SB,ILS-EASB,PSD,4,D-P-S-D,5,5,0.025,,,,0.4064,0.021,85,100,0.33,0.38,direct_numeric,PSD reduces connector strain compared with PS but shifted regions remain elevated,paper2_section_viii_connection_system_case,has_D,gap_parameter_present,connector,2,0.8128,connector_near_window,0.840,X_e,0.055,X_i1,154.5,121.1,,5,2.032,,,,,,,,,10,2.5,2,,2.22,2.52,,,,,,,,,,,,,,,,,,
EDIKB_PAPER2_EASB_ML_DATASET_v0_2.csv,latest_override,paper2_easb_behaviour,EDIKB_PAPER2_EASB_ML_DATASET_v0_2.csv,p2_easb_psd_c1_xe,paper2,paper2:section_viii_h,,,,peak_nominal_strain,0.840,percent,,,,,,,,,,,X_e,,,,,,,,,,,,,,,,,,,,,,,,,,,,,,,,GD-SB,ILS-EASB,PSD,4,D-P-S-D,5,5,0.025,,,,0.4064,0.021,85,100,0.33,0.38,direct_numeric,outside strain controls,paper2_section_viii_connection_system_case,has_D,gap_parameter_present,outside_structure,,,outside_structure_region,0.840,X_e,0.055,X_i1,154.5,121.1,,5,2.032,,,,,,,,,10,2.5,2,,2.22,2.52,,,,,,,,,,,,,,,,,,
EDIKB_PAPER2_EASB_ML_DATASET_v0_2.csv,latest_override,paper2_easb_behaviour,EDIKB_PAPER2_EASB_ML_DATASET_v0_2.csv,p2_easb_psd_c1_xi1,paper2,paper2:section_viii_h,,,,peak_nominal_strain,0.055,percent,,,,,,,,,,,X_i1,,,,,,,,,,,,,,,,,,,,,,,,,,,,,,,,GD-SB,ILS-EASB,PSD,4,D-P-S-D,5,5,0.025,,,,0.4064,0.021,85,100,0.33,0.38,direct_numeric,low internal pocket,paper2_section_viii_connection_system_case,has_D,gap_parameter_present,main_connector_pair,,,internal_low_strain_pocket,0.840,X_e,0.055,X_i1,154.5,121.1,,5,2.032,,,,,,,,,10,2.5,2,,2.22,2.52,,,,,,,,,,,,,,,,,,
EDIKB_PAPER2_EASB_ML_DATASET_v0_2.csv,latest_override,paper2_easb_behaviour,EDIKB_PAPER2_EASB_ML_DATASET_v0_2.csv,p2_easb_psd_c1_xi2,paper2,paper2:section_viii_h,,,,peak_nominal_strain,0.830,percent,,,,,,,,,,,X_i2,,,,,,,,,,,,,,,,,,,,,,,,,,,,,,,,GD-SB,ILS-EASB,PSD,4,D-P-S-D,5,5,0.025,,,,0.4064,0.021,85,100,0.33,0.38,direct_numeric,shifted strain region,paper2_section_viii_connection_system_case,has_D,gap_parameter_present,deadband_to_main_connector,,,internal_shifted_strain_region,0.840,X_e,0.055,X_i1,154.5,121.1,,5,2.032,,,,,,,,,10,2.5,2,,2.22,2.52,,,,,,,,,,,,,,,,,,
EDIKB_PAPER2_EAST_ML_DATASET_v0_2.csv,latest_override,paper2_east_behaviour,EDIKB_PAPER2_EAST_ML_DATASET_v0_2.csv,p2_east_f1_c1_xc,paper2,paper2:section_vii_c,,,,peak_nominal_strain,0.330,percent,,,,,,,,,,,X_c,,,,,,,,,,,,,,,,,,,,,,,,,,,,,,,,GD-ST,ILS-EAST,F1,1,F,,,,,, ,0.4064,0.021,85,100,0.33,0.38,direct_numeric,single fixed centre connector; close to baseline,paper2_section_vii_connection_system_case,no_D,no_gap_parameter,connector,2,0.8128,connector_near_window,0.330,X_c,0.330,X_c,0.0,-13.2,,,,,,,,,,,,,,,,,,,,,,,,,,,,,,,,,,,
EDIKB_PAPER2_EAST_ML_DATASET_v0_2.csv,latest_override,paper2_east_behaviour,EDIKB_PAPER2_EAST_ML_DATASET_v0_2.csv,p2_east_f1_c1_xe,paper2,paper2:section_vii_c,,,,peak_nominal_strain,0.330,percent,,,,,,,,,,,X_e,,,,,,,,,,,,,,,,,,,,,,,,,,,,,,,,GD-ST,ILS-EAST,F1,1,F,,,,,, ,0.4064,0.021,85,100,0.33,0.38,direct_numeric,single fixed centre connector; close to baseline,paper2_section_vii_connection_system_case,no_D,no_gap_parameter,outside_structure,,,outside_structure_region,0.330,X_c,0.330,X_c,0.0,-13.2,,,,,,,,,,,,,,,,,,,,,,,,,,,,,,,,,,,
EDIKB_PAPER2_EAST_ML_DATASET_v0_2.csv,latest_override,paper2_east_behaviour,EDIKB_PAPER2_EAST_ML_DATASET_v0_2.csv,p2_east_f1d_c1_xc,paper2,paper2:section_vii_d,,,,peak_nominal_strain,0.266,percent,,,,,,,,,,,X_c,,,,,,,,,,,,,,,,,,,,,,,,,,,,,,,,GD-ST,ILS-EAST,F1D,3,D-F-D,,7.5,0.050,2.52,,,0.4064,0.021,85,100,0.33,0.38,direct_numeric,deadband case; P_c2 common to both cases,paper2_section_vii_connection_system_case,has_D,gap_parameter_present,connector,2,0.8128,connector_near_window,0.396,X_e,0.266,X_c,20.0,4.2,,,,,,,,,,,,,,,,,,,,,,,,,,,,,,,,,,,
EDIKB_PAPER2_EAST_ML_DATASET_v0_2.csv,latest_override,paper2_east_behaviour,EDIKB_PAPER2_EAST_ML_DATASET_v0_2.csv,p2_east_f1d_c1_xe,paper2,paper2:section_vii_d,,,,peak_nominal_strain,0.396,percent,,,,,,,,,,,X_e,,,,,,,,,,,,,,,,,,,,,,,,,,,,,,,,GD-ST,ILS-EAST,F1D,3,D-F-D,,7.5,0.050,2.52,,,0.4064,0.021,85,100,0.33,0.38,direct_numeric,deadband redistributes strain away from connector,paper2_section_vii_connection_system_case,has_D,gap_parameter_present,outside_structure,,,outside_structure_region,0.396,X_e,0.266,X_c,20.0,4.2,,,,,,,,,,,,,,,,,,,,,,,,,,,,,,,,,,,
EDIKB_PAPER2_EAST_ML_DATASET_v0_2.csv,latest_override,paper2_east_behaviour,EDIKB_PAPER2_EAST_ML_DATASET_v0_2.csv,p2_east_f1d_c1_xi,paper2,paper2:section_vii_d,,,,peak_nominal_strain,0.388,percent,,,,,,,,,,,X_i,,,,,,,,,,,,,,,,,,,,,,,,,,,,,,,,GD-ST,ILS-EAST,F1D,3,D-F-D,,7.5,0.050,2.52,,,0.4064,0.021,85,100,0.33,0.38,direct_numeric,deadband redistributes strain away from connector,paper2_section_vii_connection_system_case,has_D,gap_parameter_present,main_connector_pair,,,internal_region_between_or_inside_active_connectors,0.396,X_e,0.266,X_c,20.0,4.2,,,,,,,,,,,,,,,,,,,,,,,,,,,,,,,,,,,
EDIKB_PAPER2_EAST_ML_DATASET_v0_2.csv,latest_override,paper2_east_behaviour,EDIKB_PAPER2_EAST_ML_DATASET_v0_2.csv,p2_east_f1d_c2_xc,paper2,paper2:section_vii_d,,,,peak_nominal_strain,0.336,percent,,,,,,,,,,,X_c,,,,,,,,,,,,,,,,,,,,,,,,,,,,,,,,GD-ST,ILS-EAST,F1D,3,D-F-D,,7.5,0.100,2.52,,,0.4064,0.021,85,100,0.33,0.38,direct_numeric,larger gap case,paper2_section_vii_connection_system_case,has_D,gap_parameter_present,connector,2,0.8128,connector_near_window,0.379,X_e,0.336,X_c,14.8,-0.3,,,,,,,,,,,,,,,,,,,,,,,,,,,,,,,,,,,
EDIKB_PAPER2_EAST_ML_DATASET_v0_2.csv,latest_override,paper2_east_behaviour,EDIKB_PAPER2_EAST_ML_DATASET_v0_2.csv,p2_east_f1d_c2_xe,paper2,paper2:section_vii_d,,,,peak_nominal_strain,0.379,percent,,,,,,,,,,,X_e,,,,,,,,,,,,,,,,,,,,,,,,,,,,,,,,GD-ST,ILS-EAST,F1D,3,D-F-D,,7.5,0.100,2.52,,,0.4064,0.021,85,100,0.33,0.38,direct_numeric,larger gap case,paper2_section_vii_connection_system_case,has_D,gap_parameter_present,outside_structure,,,outside_structure_region,0.379,X_e,0.336,X_c,14.8,-0.3,,,,,,,,,,,,,,,,,,,,,,,,,,,,,,,,,,,
EDIKB_PAPER2_EAST_ML_DATASET_v0_2.csv,latest_override,paper2_east_behaviour,EDIKB_PAPER2_EAST_ML_DATASET_v0_2.csv,p2_east_f1d_c2_xi,paper2,paper2:section_vii_d,,,,peak_nominal_strain,0.352,percent,,,,,,,,,,,X_i,,,,,,,,,,,,,,,,,,,,,,,,,,,,,,,,GD-ST,ILS-EAST,F1D,3,D-F-D,,7.5,0.100,2.52,,,0.4064,0.021,85,100,0.33,0.38,direct_numeric,larger gap case,paper2_section_vii_connection_system_case,has_D,gap_parameter_present,main_connector_pair,,,internal_region_between_or_inside_active_connectors,0.379,X_e,0.336,X_c,14.8,-0.3,,,,,,,,,,,,,,,,,,,,,,,,,,,,,,,,,,,
EDIKB_PAPER2_EAST_ML_DATASET_v0_2.csv,latest_override,paper2_east_behaviour,EDIKB_PAPER2_EAST_ML_DATASET_v0_2.csv,p2_east_f2_c1_xc,paper2,paper2:section_vii_e,,,,peak_nominal_strain,0.936,percent,,,,,,,,,,,X_c,,,,,,,,,,,,,,,,,,,,,,,,,,,,,,,,GD-ST,ILS-EAST,F2,2,F-F,10,,,2.22,,,0.4064,0.021,85,100,0.33,0.38,direct_numeric,two fixed connectors create high connector-near strain,paper2_section_vii_connection_system_case,no_D,no_gap_parameter,connector,2,0.8128,connector_near_window,0.936,X_c,0.043,X_i,183.6,146.3,connector_to_connector_distance_P_c1,10,4.064,2.22,3.22,1 + kT_ratio,,GD-TT,similar effective stiffened length; GD-TT has L_stiff/L_total but no directly equivalent combined frame+pipe ratio in current dataset,partial_length_only_no_direct_combined_stiffness_ratio,edikb:p2_east_f2_vs_gdtt_stiffness_length_candidate_01,,,,,,,,,,,,,,,,,,,,,,,,
EDIKB_PAPER2_EAST_ML_DATASET_v0_2.csv,latest_override,paper2_east_behaviour,EDIKB_PAPER2_EAST_ML_DATASET_v0_2.csv,p2_east_f2_c1_xe,paper2,paper2:section_vii_e,,,,peak_nominal_strain,0.732,percent,,,,,,,,,,,X_e,,,,,,,,,,,,,,,,,,,,,,,,,,,,,,,,GD-ST,ILS-EAST,F2,2,F-F,10,,,2.22,,,0.4064,0.021,85,100,0.33,0.38,direct_numeric,strain increased outside structure,paper2_section_vii_connection_system_case,no_D,no_gap_parameter,outside_structure,,,outside_structure_region,0.936,X_c,0.043,X_i,183.6,146.3,connector_to_connector_distance_P_c1,10,4.064,2.22,3.22,1 + kT_ratio,,GD-TT,similar effective stiffened length; GD-TT has L_stiff/L_total but no directly equivalent combined frame+pipe ratio in current dataset,partial_length_only_no_direct_combined_stiffness_ratio,edikb:p2_east_f2_vs_gdtt_stiffness_length_candidate_01,,,,,,,,,,,,,,,,,,,,,,,,
EDIKB_PAPER2_EAST_ML_DATASET_v0_2.csv,latest_override,paper2_east_behaviour,EDIKB_PAPER2_EAST_ML_DATASET_v0_2.csv,p2_east_f2_c1_xi,paper2,paper2:section_vii_e,,,,peak_nominal_strain,0.043,percent,,,,,,,,,,,X_i,,,,,,,,,,,,,,,,,,,,,,,,,,,,,,,,GD-ST,ILS-EAST,F2,2,F-F,10,,,2.22,,,0.4064,0.021,85,100,0.33,0.38,direct_numeric,low-strain pocket between fixed connectors,paper2_section_vii_connection_system_case,no_D,no_gap_parameter,main_connector_pair,,,internal_region_between_or_inside_active_connectors,0.936,X_c,0.043,X_i,183.6,146.3,connector_to_connector_distance_P_c1,10,4.064,2.22,3.22,1 + kT_ratio,,GD-TT,similar effective stiffened length; GD-TT has L_stiff/L_total but no directly equivalent combined frame+pipe ratio in current dataset,partial_length_only_no_direct_combined_stiffness_ratio,edikb:p2_east_f2_vs_gdtt_stiffness_length_candidate_01,,,,,,,,,,,,,,,,,,,,,,,,
EDIKB_PAPER2_EAST_ML_DATASET_v0_2.csv,latest_override,paper2_east_behaviour,EDIKB_PAPER2_EAST_ML_DATASET_v0_2.csv,p2_east_f2_c2_xc,paper2,paper2:section_vii_e,,,,peak_nominal_strain,1.410,percent,,,,,,,,,,,X_c,,,,,,,,,,,,,,,,,,,,,,,,,,,,,,,,GD-ST,ILS-EAST,F2,2,F-F,20,,,2.85,,,0.4064,0.021,85,100,0.33,0.38,direct_numeric,larger spacing/stiffness case,paper2_section_vii_connection_system_case,no_D,no_gap_parameter,connector,2,0.8128,connector_near_window,1.410,X_c,0.075,X_i,327.3,271.1,connector_to_connector_distance_P_c1,20,8.128,2.85,3.85,1 + kT_ratio,,GD-TT,similar effective stiffened length; GD-TT has L_stiff/L_total but no directly equivalent combined frame+pipe ratio in current dataset,partial_length_only_no_direct_combined_stiffness_ratio,edikb:p2_east_f2_vs_gdtt_stiffness_length_candidate_01,,,,,,,,,,,,,,,,,,,,,,,,
EDIKB_PAPER2_EAST_ML_DATASET_v0_2.csv,latest_override,paper2_east_behaviour,EDIKB_PAPER2_EAST_ML_DATASET_v0_2.csv,p2_east_f2_c2_xe,paper2,paper2:section_vii_e,,,,peak_nominal_strain,1.021,percent,,,,,,,,,,,X_e,,,,,,,,,,,,,,,,,,,,,,,,,,,,,,,,GD-ST,ILS-EAST,F2,2,F-F,20,,,2.85,,,0.4064,0.021,85,100,0.33,0.38,direct_numeric,larger spacing/stiffness case,paper2_section_vii_connection_system_case,no_D,no_gap_parameter,outside_structure,,,outside_structure_region,1.410,X_c,0.075,X_i,327.3,271.1,connector_to_connector_distance_P_c1,20,8.128,2.85,3.85,1 + kT_ratio,,GD-TT,similar effective stiffened length; GD-TT has L_stiff/L_total but no directly equivalent combined frame+pipe ratio in current dataset,partial_length_only_no_direct_combined_stiffness_ratio,edikb:p2_east_f2_vs_gdtt_stiffness_length_candidate_01,,,,,,,,,,,,,,,,,,,,,,,,
EDIKB_PAPER2_EAST_ML_DATASET_v0_2.csv,latest_override,paper2_east_behaviour,EDIKB_PAPER2_EAST_ML_DATASET_v0_2.csv,p2_east_f2_c2_xi,paper2,paper2:section_vii_e,,,,peak_nominal_strain,0.075,percent,,,,,,,,,,,X_i,,,,,,,,,,,,,,,,,,,,,,,,,,,,,,,,GD-ST,ILS-EAST,F2,2,F-F,20,,,2.85,,,0.4064,0.021,85,100,0.33,0.38,direct_numeric,larger spacing/stiffness case; internal low-strain pocket remains,paper2_section_vii_connection_system_case,no_D,no_gap_parameter,main_connector_pair,,,internal_region_between_or_inside_active_connectors,1.410,X_c,0.075,X_i,327.3,271.1,connector_to_connector_distance_P_c1,20,8.128,2.85,3.85,1 + kT_ratio,,GD-TT,similar effective stiffened length; GD-TT has L_stiff/L_total but no directly equivalent combined frame+pipe ratio in current dataset,partial_length_only_no_direct_combined_stiffness_ratio,edikb:p2_east_f2_vs_gdtt_stiffness_length_candidate_01,,,,,,,,,,,,,,,,,,,,,,,,
EDIKB_PAPER2_EAST_ML_DATASET_v0_2.csv,latest_override,paper2_east_behaviour,EDIKB_PAPER2_EAST_ML_DATASET_v0_2.csv,p2_east_f2d_c1_xc,paper2,paper2:section_vii_f,,,,peak_nominal_strain,0.325,percent,,,,,,,,,,,X_c,,,,,,,,,,,,,,,,,,,,,,,,,,,,,,,,GD-ST,ILS-EAST,F2D,4,D-F-F-D,10,5,0.050,,2.22,2.52,0.4064,0.021,85,100,0.33,0.38,direct_numeric,deadband lowers connector-region strain relative to F2,paper2_section_vii_connection_system_case,has_D,gap_parameter_present,connector,2,0.8128,connector_near_window,0.685,X_e,0.042,X_i1,107.6,80.3,,10,4.064,,,,,,,,,,,,,,,,,,,,,,,,,,,,,,,,
EDIKB_PAPER2_EAST_ML_DATASET_v0_2.csv,latest_override,paper2_east_behaviour,EDIKB_PAPER2_EAST_ML_DATASET_v0_2.csv,p2_east_f2d_c1_xe,paper2,paper2:section_vii_f,,,,peak_nominal_strain,0.685,percent,,,,,,,,,,,X_e,,,,,,,,,,,,,,,,,,,,,,,,,,,,,,,,GD-ST,ILS-EAST,F2D,4,D-F-F-D,10,5,0.050,,2.22,2.52,0.4064,0.021,85,100,0.33,0.38,direct_numeric,shifted/outside strain,paper2_section_vii_connection_system_case,has_D,gap_parameter_present,outside_structure,,,outside_structure_region,0.685,X_e,0.042,X_i1,107.6,80.3,,10,4.064,,,,,,,,,,,,,,,,,,,,,,,,,,,,,,,,
EDIKB_PAPER2_EAST_ML_DATASET_v0_2.csv,latest_override,paper2_east_behaviour,EDIKB_PAPER2_EAST_ML_DATASET_v0_2.csv,p2_east_f2d_c1_xi1,paper2,paper2:section_vii_f,,,,peak_nominal_strain,0.042,percent,,,,,,,,,,,X_i1,,,,,,,,,,,,,,,,,,,,,,,,,,,,,,,,GD-ST,ILS-EAST,F2D,4,D-F-F-D,10,5,0.050,,2.22,2.52,0.4064,0.021,85,100,0.33,0.38,direct_numeric,very low internal zone,paper2_section_vii_connection_system_case,has_D,gap_parameter_present,main_connector_pair,,,internal_low_strain_pocket_between_main_connectors,0.685,X_e,0.042,X_i1,107.6,80.3,,10,4.064,,,,,,,,,,,,,,,,,,,,,,,,,,,,,,,,
EDIKB_PAPER2_EAST_ML_DATASET_v0_2.csv,latest_override,paper2_east_behaviour,EDIKB_PAPER2_EAST_ML_DATASET_v0_2.csv,p2_east_f2d_c1_xi2,paper2,paper2:section_vii_f,,,,peak_nominal_strain,0.681,percent,,,,,,,,,,,X_i2,,,,,,,,,,,,,,,,,,,,,,,,,,,,,,,,GD-ST,ILS-EAST,F2D,4,D-F-F-D,10,5,0.050,,2.22,2.52,0.4064,0.021,85,100,0.33,0.38,direct_numeric,shifted strain region,paper2_section_vii_connection_system_case,has_D,gap_parameter_present,deadband_to_main_connector,,,internal_region_between_end_deadband_and_nearest_main_connector,0.685,X_e,0.042,X_i1,107.6,80.3,,10,4.064,,,,,,,,,,,,,,,,,,,,,,,,,,,,,,,,
EDIKB_PAPER2_EAST_ML_DATASET_v0_2.csv,latest_override,paper2_east_behaviour,EDIKB_PAPER2_EAST_ML_DATASET_v0_2.csv,p2_east_f2d_c2_xc,paper2,paper2:section_vii_f,,,,peak_nominal_strain,0.289,percent,,,,,,,,,,,X_c,,,,,,,,,,,,,,,,,,,,,,,,,,,,,,,,GD-ST,ILS-EAST,F2D,4,D-F-F-D,10,5,0.025,,2.22,2.52,0.4064,0.021,85,100,0.33,0.38,direct_numeric,smaller gap case,paper2_section_vii_connection_system_case,has_D,gap_parameter_present,connector,2,0.8128,connector_near_window,0.705,X_e,0.037,X_i1,113.6,85.5,,10,4.064,,,,,,,,,,,,,,,,,,,,,,,,,,,,,,,,
EDIKB_PAPER2_EAST_ML_DATASET_v0_2.csv,latest_override,paper2_east_behaviour,EDIKB_PAPER2_EAST_ML_DATASET_v0_2.csv,p2_east_f2d_c2_xe,paper2,paper2:section_vii_f,,,,peak_nominal_strain,0.705,percent,,,,,,,,,,,X_e,,,,,,,,,,,,,,,,,,,,,,,,,,,,,,,,GD-ST,ILS-EAST,F2D,4,D-F-F-D,10,5,0.025,,2.22,2.52,0.4064,0.021,85,100,0.33,0.38,direct_numeric,smaller gap case; outside strain,paper2_section_vii_connection_system_case,has_D,gap_parameter_present,outside_structure,,,outside_structure_region,0.705,X_e,0.037,X_i1,113.6,85.5,,10,4.064,,,,,,,,,,,,,,,,,,,,,,,,,,,,,,,,
EDIKB_PAPER2_EAST_ML_DATASET_v0_2.csv,latest_override,paper2_east_behaviour,EDIKB_PAPER2_EAST_ML_DATASET_v0_2.csv,p2_east_f2d_c2_xi1,paper2,paper2:section_vii_f,,,,peak_nominal_strain,0.037,percent,,,,,,,,,,,X_i1,,,,,,,,,,,,,,,,,,,,,,,,,,,,,,,,GD-ST,ILS-EAST,F2D,4,D-F-F-D,10,5,0.025,,2.22,2.52,0.4064,0.021,85,100,0.33,0.38,direct_numeric,smaller gap case; very low internal zone,paper2_section_vii_connection_system_case,has_D,gap_parameter_present,main_connector_pair,,,internal_low_strain_pocket_between_main_connectors,0.705,X_e,0.037,X_i1,113.6,85.5,,10,4.064,,,,,,,,,,,,,,,,,,,,,,,,,,,,,,,,
EDIKB_PAPER2_EAST_ML_DATASET_v0_2.csv,latest_override,paper2_east_behaviour,EDIKB_PAPER2_EAST_ML_DATASET_v0_2.csv,p2_east_f2d_c2_xi2,paper2,paper2:section_vii_f,,,,peak_nominal_strain,0.649,percent,,,,,,,,,,,X_i2,,,,,,,,,,,,,,,,,,,,,,,,,,,,,,,,GD-ST,ILS-EAST,F2D,4,D-F-F-D,10,5,0.025,,2.22,2.52,0.4064,0.021,85,100,0.33,0.38,direct_numeric,smaller gap case; shifted strain region,paper2_section_vii_connection_system_case,has_D,gap_parameter_present,deadband_to_main_connector,,,internal_region_between_end_deadband_and_nearest_main_connector,0.705,X_e,0.037,X_i1,113.6,85.5,,10,4.064,,,,,,,,,,,,,,,,,,,,,,,,,,,,,,,,
EDIKB_PAPER2_EAST_ML_DATASET_v0_2.csv,latest_override,paper2_east_behaviour,EDIKB_PAPER2_EAST_ML_DATASET_v0_2.csv,p2_east_ps_c1_xc,paper2,paper2:section_vii_g,,,,peak_nominal_strain,0.341,percent,,,,,,,,,,,X_c,,,,,,,,,,,,,,,,,,,,,,,,,,,,,,,,GD-ST,ILS-EAST,PS,2,P-S,10,,,2.22,,,0.4064,0.021,85,100,0.33,0.38,direct_numeric,pin-slot behaves close to plain pipe for EA-ST,paper2_section_vii_connection_system_case,no_D,no_gap_parameter,connector,2,0.8128,connector_near_window,0.356,X_e,0.335,X_i,7.9,-6.3,,10,4.064,,,,,,,,,,,,,,,,,,,,,,,,,,,,,,,,
EDIKB_PAPER2_EAST_ML_DATASET_v0_2.csv,latest_override,paper2_east_behaviour,EDIKB_PAPER2_EAST_ML_DATASET_v0_2.csv,p2_east_ps_c1_xe,paper2,paper2:section_vii_g,,,,peak_nominal_strain,0.356,percent,,,,,,,,,,,X_e,,,,,,,,,,,,,,,,,,,,,,,,,,,,,,,,GD-ST,ILS-EAST,PS,2,P-S,10,,,2.22,,,0.4064,0.021,85,100,0.33,0.38,direct_numeric,pin-slot behaves close to plain pipe for EA-ST,paper2_section_vii_connection_system_case,no_D,no_gap_parameter,outside_structure,,,outside_structure_region,0.356,X_e,0.335,X_i,7.9,-6.3,,10,4.064,,,,,,,,,,,,,,,,,,,,,,,,,,,,,,,,
EDIKB_PAPER2_EAST_ML_DATASET_v0_2.csv,latest_override,paper2_east_behaviour,EDIKB_PAPER2_EAST_ML_DATASET_v0_2.csv,p2_east_ps_c1_xi,paper2,paper2:section_vii_g,,,,peak_nominal_strain,0.335,percent,,,,,,,,,,,X_i,,,,,,,,,,,,,,,,,,,,,,,,,,,,,,,,GD-ST,ILS-EAST,PS,2,P-S,10,,,2.22,,,0.4064,0.021,85,100,0.33,0.38,direct_numeric,pin-slot behaves close to plain pipe for EA-ST,paper2_section_vii_connection_system_case,no_D,no_gap_parameter,main_connector_pair,,,internal_region_between_or_inside_active_connectors,0.356,X_e,0.335,X_i,7.9,-6.3,,10,4.064,,,,,,,,,,,,,,,,,,,,,,,,,,,,,,,,
EDIKB_PAPER2_EAST_ML_DATASET_v0_2.csv,latest_override,paper2_east_behaviour,EDIKB_PAPER2_EAST_ML_DATASET_v0_2.csv,p2_east_psd_c1_xc,paper2,paper2:section_vii_h,,,,peak_nominal_strain,0.308,percent,,,,,,,,,,,X_c,,,,,,,,,,,,,,,,,,,,,,,,,,,,,,,,GD-ST,ILS-EAST,PSD,4,D-P-S-D,10,5,0.025,,2.22,2.52,0.4064,0.021,85,100,0.33,0.38,direct_numeric,PSD creates very low internal zone and moderate shifted strain,paper2_section_vii_connection_system_case,has_D,gap_parameter_present,connector,2,0.8128,connector_near_window,0.460,X_e,0.024,X_i1,39.4,21.1,,10,4.064,,,,,,,,,,,,,,,,,,,,,,,,,,,,,,,,
EDIKB_PAPER2_EAST_ML_DATASET_v0_2.csv,latest_override,paper2_east_behaviour,EDIKB_PAPER2_EAST_ML_DATASET_v0_2.csv,p2_east_psd_c1_xe,paper2,paper2:section_vii_h,,,,peak_nominal_strain,0.460,percent,,,,,,,,,,,X_e,,,,,,,,,,,,,,,,,,,,,,,,,,,,,,,,GD-ST,ILS-EAST,PSD,4,D-P-S-D,10,5,0.025,,2.22,2.52,0.4064,0.021,85,100,0.33,0.38,direct_numeric,outside strain remains above internal pocket,paper2_section_vii_connection_system_case,has_D,gap_parameter_present,outside_structure,,,outside_structure_region,0.460,X_e,0.024,X_i1,39.4,21.1,,10,4.064,,,,,,,,,,,,,,,,,,,,,,,,,,,,,,,,
EDIKB_PAPER2_EAST_ML_DATASET_v0_2.csv,latest_override,paper2_east_behaviour,EDIKB_PAPER2_EAST_ML_DATASET_v0_2.csv,p2_east_psd_c1_xi1,paper2,paper2:section_vii_h,,,,peak_nominal_strain,0.024,percent,,,,,,,,,,,X_i1,,,,,,,,,,,,,,,,,,,,,,,,,,,,,,,,GD-ST,ILS-EAST,PSD,4,D-P-S-D,10,5,0.025,,2.22,2.52,0.4064,0.021,85,100,0.33,0.38,direct_numeric,lowest extracted internal strain in EA-ST set,paper2_section_vii_connection_system_case,has_D,gap_parameter_present,main_connector_pair,,,internal_low_strain_pocket_between_main_connectors,0.460,X_e,0.024,X_i1,39.4,21.1,,10,4.064,,,,,,,,,,,,,,,,,,,,,,,,,,,,,,,,
EDIKB_PAPER2_EAST_ML_DATASET_v0_2.csv,latest_override,paper2_east_behaviour,EDIKB_PAPER2_EAST_ML_DATASET_v0_2.csv,p2_east_psd_c1_xi2,paper2,paper2:section_vii_h,,,,peak_nominal_strain,0.440,percent,,,,,,,,,,,X_i2,,,,,,,,,,,,,,,,,,,,,,,,,,,,,,,,GD-ST,ILS-EAST,PSD,4,D-P-S-D,10,5,0.025,,2.22,2.52,0.4064,0.021,85,100,0.33,0.38,direct_numeric,shifted strain region,paper2_section_vii_connection_system_case,has_D,gap_parameter_present,deadband_to_main_connector,,,internal_region_between_end_deadband_and_nearest_main_connector,0.460,X_e,0.024,X_i1,39.4,21.1,,10,4.064,,,,,,,,,,,,,,,,,,,,,,,,,,,,,,,,
